"Timestamp","ูุง ุงูุฐู ุชุณุชูุชุน ุจู ุฎูุงู ูุนุจู ูุนุจุฉ ุฌูุฑุงูุฒ ุฒูุฑู ุงูุฑุ","ูู ุชุดุงุฑู ุจุงูุฏูุฑูุงุช ูุงูุจุทููุงุช ุงูุงูููุงููุ","ุงู ุจุฑูุงูุฌ ุชุณุชุนูู ุจุงููุนุจ ุงูููุงููุ","ูู ุชุณุชุฎุฏู ุจุฑุงูุฌ ูุงุฏูุงุช ุงุถุงููุฉุ","ุนูุฏูุง ุชูุนุจ ูุนุจุฉ ุงูููุงูู ุงู ูุฑุฏูุฉ ุงูููุงูู, ูู ุชูุงุญุธ ุงู ูุดุงูู ูุญุจุทุฉ ุงุซูุงุก ุงููุนุจุ","ุนูุฏูุง ุชูุนุจ ูุนุจุฉ ุงูููุงูู, ูู ุชูุงุญุธ ุงู ุฌูุด ูู ุงูุฌููุด ุบูุฑ ูุชุนุงุฏู ุถุฏ ุฌููุด ุงุฎุฑูู ูุฏุฑุฌุฉ ุงู ุงููุนุจุฉ ุชุจุฏู ุบูุฑ ุนุงุฏูุฉุ","ุจุบุถ ุงููุธุฑ ุนู ุงูููุฏุงุช ูู ูุฌุชูุน ุงููุนุจุฉ ุจุดูู ุนุงู, ูู ุงูุช ุณุนูุฏ  ุจูุณุฎุฉ ุฒูุฑู ุงูุฑ 1.04 ุงูุงุตููุฉ ุจูุถุนูุง ุงูุญุงูู ุจุดูู ุนุงู","ุงุฐุง ูุฑุฑุช ุดุฑูุฉ ุฃู ุงูู (EA) ุจุงูุนูู ุนูู ุจุงุชุด 1.04 ุงูููู ูุชุตููุญ ุงูุงุฎุทุงุก ูุงูุซุบุฑุงุช ูุงููุดุงูู ุจูุง ูุชุญุณู ุงูุงุฏุงุก ูุงูุฑุณููุงุช ุงูุฌุฑุงููุณ  ูุงูุงุตูุงุช ูุงูุชูุงุฒู ุจูู ุงูุฌููุด, ูู ุณุชููู ุณุนูุฏุง ุจูุฐุง ุงูุฎุจุฑุ","ุงุฐุง ูุฑุฑ ูุฌููุนุฉ ูู ุดุจุงุจ ูุฌุชูุน ุฒูุฑู ุงูุฑ ุจุงูุนูู ุนูู ุจุงุชุด 1.04 ุงูููู ูุชุตููุญ ุงูุงุฎุทุงุก ูุงูุซุบุฑุงุช ูุงููุดุงูู ุจูุง ูุชุญุณู ุงูุงุฏุงุก ูุงูุฑุณููุงุช ุงูุฌุฑุงููุณ  ูุงูุงุตูุงุช ูุงูุชูุงุฒู ุจูู ุงูุฌููุด, ูู ุณุชููู ุณุนูุฏุง ุจูุฐุง ุงูุฎุจุฑุ","ูุง ุงูุชุบููุฑุงุช ูู ุงูุจุงุชุด ุงูุชู ุชุนุชุจุฑูุง ููุจููุฉ ุจุบุถ ุงููุธุฑ ุนู ุชุตููุญุงุช ุงูุงุฎุทุงุก ูุชุญุณูู ุงูุงุฏุงุก ุฎุตูุตุง ููุนุจ ุงูููุงููุ","ุงุฐุง ุงููุนุจุฉ ุชุญุชูู ุนูู ุฎุงุตูุฉ ูู ุงููุนุจุฉ ุชุญุชูู ุนูู ุซุบุฑุฉ ููู ุงุณุชุฎุฏุงููุง ูุชูุจู ูู ุงูุงุบูุจูุฉ ุนูู ุงููุง ููุณุช ุบุด ุงู ุงุณุชุบูุงููุฉ ูู ุชูุถู ุงู ุชุตูุญ ูุฐู ุงูุซุบุฑุฉ ุญุชู ูู ุบูุฑุช ุทุฑููุฉ ุงููุนุจ ุนูุถุง ุนู ุจูุงุฆูุง  ุญูุงุธุง ุนูู ุทุฑููุฉ ุงููุนุจ ุงููุฏููุฉุ","ุงุฐุง ุงููุนุจุฉ ุชุญุชูู ุนูู ุฎุงุตูุฉ ูู ุงููุนุจุฉ ุบูุฑ ุนุงุฏูุฉ ููุณุชุญูู ุงู ุชุตูุญ ุจูุฌุฑุฏ ุชุบููุฑ ุณุนุฑ ุงููุญุฏุฉ ุงู ุงูููุช ุงููุงุฒู ูุจูุงุฆูุง ูู ุชูุถู ุงู ุชุตูุญ ูุฐู ุงูุฎุงุตูุฉ ุบูุฑ ุงูุนุงุฏูุฉ ุญุชู ูู ุบูุฑุช ุทุฑููุฉ ุงููุนุจ ุนูุถุง ุนู ุจูุงุฆูุง  ุญูุงุธุง ุนูู ุทุฑููุฉ ุงููุนุจ ุงููุฏููุฉุ","ุงุฐุง ูุณุชุฎุฏููู ุงููุฌุชูุน ูุฑุฑู ุชุทููุฑ ููุดุฑ ุงูุจุงุชุด ุงูุฌุฏูุฏ ูุน ุงูุชุตููุญุงุช ูุงูุชุญุณููุงุช ูู ุณุชููู ูููุง ุจุดุฃู ุชุจูููุง ูุชูุจููุง ูู ูุฌุชูุน ุงูุงูููุงูู ูููุ (ูุชู ุชูุฑู ุงููุงุณ ุจูู ุงูุจุงุชุด ุงููุฏูู ูุงูุฌุฏูุฏุ)","ูู ูุฌูุฏ ุจุงุชุด ุฌุฏูุฏ ูุน ุชุตููุญุงุช ูุชุญุณููุงุช ุณูููู ุญุงูุฒ ูู ููู ุชูุนุจ ุงูููุงูู ุงูุซุฑุ","ููุง ููููู ูุชุงุจุฉ ุงู ุดูุฆ ูุฎุทุฑ ุนูู ุจุงูู ุจุฎุตูุต ุงูุงุณุชุจูุงู, ูุงูุฐู ูุดุนุฑู ุจุงูุงุญุจุงุทุ ูุงูุฐู ุชุฑุงู ูุญุชุงุฌ ุชุญุณููุงุ"
"2021/08/29 1:26:10 PM GMT+2","ูุนุจ ูุฑุฏู","ูุนู","ุฑุงุฏูู Radmin","ุฌููุชูู ุงุญุฏุซ ุงุตุฏุงุฑ GenTool (Latest)","ูุนู, ุบุงูุจุง","ููุง","1","5","5","ุชุบููุฑ ุงูููุงุฆู;ุชุบููุฑ ุงููุงุฌูุงุช ุฏุงุฎู ุงููุนุจุฉ;ุชุบููุฑ ุงูุงุตูุงุช ูุงูุงุดูุงู ูููุญุฏุงุช ุงููุชูุงุฌุฏุฉ ูู ุงููุนุจุฉ ูุงูุจูุงูุงุช ูุงููุฏุฑุงุช ุงูุชุฑููุนูุฉ;ุทุฑููุฉ ุงููุนุจ ุงู ูุธููุฉ ุงููุญุฏุงุช ุงููุชูุงุฌุฏุฉ ูู ุงููุนุจุฉ ูุงูุจูุงูุงุช ูุงููุฏุฑุงุช ุงูุชุฑููุนูุฉ;ูุญุฏุงุช ุฌุฏูุฏุฉ ูุจูุงูุงุช ููุฏุฑุงุช ุชุฑููุนูุฉ;ุฌููุด ุฌุฏูุฏุฉ","ูุนู","ูุนู","ูุนู","ูุนู",""
"2021/08/29 2:18:58 PM GMT+2","ุงูููุงูู","ูุนู","ููู ุฑููุฌุฑ GameRanger;ุฑุงุฏูู Radmin","ุฌููุชูู ุงุญุฏุซ ุงุตุฏุงุฑ GenTool (Latest);ูุงุฌูุฉ ููุชุฑูู ุจุงุฑ ุจุฑู ControlBarPro","ูุนู, ุบุงูุจุง","ูุนู, ุงููุซูุฑ","4","5","5","ุฌููุด ุฌุฏูุฏุฉ","ูุนู, ุงุฐุง ูุงู ุงูุชุฃุซูุฑ ุนูู ุทุฑููุฉ ุงููุนุจ ูููู ูุชู ุชุญููู ุงูุชูุงุฒู ุจูู ุงูุฌููุด","ูุนู, ุงุฐุง ูุงู ุงูุชุฃุซูุฑ ุนูู ุทุฑููุฉ ุงููุนุจ ูููู","ูุนู","ูุนู","ุชูููุช ุฌูุด ุงูุณุชููุซ "
"2021/08/29 2:35:58 PM GMT+2","ูุนุจ ูุฑุฏู;ุงูููุงูู;ููุฏุงุช (ROTR ุฑุงูุฒ ุงูู ุฐุง ุฑูุฏุฒ, Shockwave ุดูู ููู, Contra ูููุชุฑุง, ...)","ููุง","ููู ุฑููุฌุฑ GameRanger;ุฑุงุฏูู Radmin","ุฌููุชูู ุงุญุฏุซ ุงุตุฏุงุฑ GenTool (Latest)","ููุง","ูุนู, ุงููุซูุฑ","1","5","3","ุชุบููุฑ ุงูููุงุฆู;ุชุบููุฑ ุงูุงุตูุงุช ูุงูุงุดูุงู ูููุญุฏุงุช ุงููุชูุงุฌุฏุฉ ูู ุงููุนุจุฉ ูุงูุจูุงูุงุช ูุงููุฏุฑุงุช ุงูุชุฑููุนูุฉ;ุงูุฏุงูุฌ, ุงูุณุฑุนุฉ, ููููุฉ ุงูุตุญุฉ(ุงูุฏู) ูููุญุฏุงุช ุงููุชูุงุฌุฏุฉ ูู ุงููุนุจุฉ ูุงูุจูุงูุงุช ูุงููุฏุฑุงุช ุงูุชุฑููุนูุฉ;ุทุฑููุฉ ุงููุนุจ ุงู ูุธููุฉ ุงููุญุฏุงุช ุงููุชูุงุฌุฏุฉ ูู ุงููุนุจุฉ ูุงูุจูุงูุงุช ูุงููุฏุฑุงุช ุงูุชุฑููุนูุฉ;ูุญุฏุงุช ุฌุฏูุฏุฉ ูุจูุงูุงุช ููุฏุฑุงุช ุชุฑููุนูุฉ;ุฌููุด ุฌุฏูุฏุฉ","ูุนู","ูุนู","ููุง","ูุนู","ุงูุฌููุด ุนูุฏูู ุงุดูุงุก ู ูููุฒุงุช ุดุจู ูุชูุงุฑุจู ุจูููู ูุง ุงุชููู ูู ุชุบูุฑูู ูุฏุฑุงุช ุงูุฑุงูู ุงู ุงููุฌูู ุนูููุฏ ูุตูุฑ ุชูุฑูู ุจูู ูู ุงูุฌููุด ู ูู ุฌูุด ูุตูุฑ ููุตุฏู ูุฎุชุต ุจุงูุดุบูู ูุงูุชู ูุซูุง ุฌูุด ุงูุทูุฑุงู ุฎูู ุงูุฑุงูู ูุงูุชู ูุตูุฑ ูุชุบูุฑ ุนู ุจุงูู ุฌููุด ุงููู ุงุณ ุงู ูุซูุง ุถูููุง ุงูุฒุงู ูููููุจุชุฑุงุช ุงู ุงูุฒุงู ูููุณ ุญุชู ุนู ุทุฑูู ุงูุทูุฑุงู ูุนูู ุทูุงุฑุฉ ุชุฌูุจูู ูููุณ ูู ุฎูุณ ุฏูุงุฆู  ู ุชุณุชุนูู ูุฐุง ุงูุชุฑููุน ู ุงููููุณ ุชููู ูุซูุง ุฎูุณ ุงูุงู ู ุฌูุด ุงูุฌููุฏ ุงุฑูุฏ ุชุถูููู ุงูู ุฌููุฏ ุฌุฏูุฏูู ูุงู ุงูููุฌูุฏูู ุฌุฏุง ุถุนูููู ูุง ุงุชููู ุชุฎููู ูู ุฌูุด ูุฎุชุต ุจุงูุดู ูุงูุชู ู ุฑุงุญ ุงุณูู ูุงุฆูู ููุชุบููุฑุงุช ุงููู ุงุดูููุฉ ููุงุณุจู ุจุณ ูููู ุงูู ุดู ุบุฑูุจ ููุด ุงูุฌูุฏู ูุงูููุช ูู ูููู ุงูุฏุจุงุจู ุงูููุฑูุถ ูู ุงูุฌููุด ูููู ุฌูุฏููู ุงุถุนู ุงุชุฌุงู ุงูุฏุจุงุจุงุช ุดููู ู ุฌูุฏู ุฌูุฑุงู ุงูุงููุงูุชุฑู ูููู ุงููุฉ ุนูููุฏ ููุตุฏู ูุตูุฑ ุฌูุด ุฌููุฏ
ุงููุณุฉ ูุจุฏู ุจุฌูุด ุงูุงูุฑููู ุจูู ุงููุงุนู
ุงููุง/ุฎูู ูุจูู ุงูุทุงูู ูุงู ุงูููุฒุฑ ูุนุทู ุทุงูู ุงูุซุฑ ูู ุนุดุฑู ูุซูุง 15 ุงูู ูู ุงูุณูุจุฑ ููุจูู ุจุดููู
ุซุงููุง/ุฎููุง ูุจูู ุงููููุณ ุงู ุงูุณูุจูุงู ุฒูู ุชุงุฎุฐ ุทุงูู ุงูู ุนูุฏ ุฌูุด ุงูุงูุฑููุฑุณ ู ุชุงุฎุฐ ุทุงูู ุงูุซุฑ ุดููุฉ ุนูุฏ ุฌูุด ุงูุณูุจุฑ ู ุชุจูู ูุซู ูุงููุฉ ุนูุฏ ุงูููุฒุฑ ู ุงูุงูุฑููู ุงูุนุงุฏู
ุซุงูุซุง/ุงุญุฐููุง ุฎุงุตูุฉ ุจูุน ุงููููุงูุฏ ุณููุชุฑ ุนูููุฏ ุงุบูุจ ุงูุงุนุจูู ูุจูุนูู ู ุงูุงุบูุจ ูุง ูุง ุงูุงุญุณู ูุงููุจุงุน ูุงู ููุฌ ูุตูุฑ ูุฑู ุงูุชุตุงุฏู ูุจูุฑ ุงุฐุง ูุนุจ ูุงุญุฏ ูุจูุนู ูุน ูุงุญุฏ ูุงูุจูุน ู ุงุนุชุจุฑ ุงู ุจูุน ุงููููุงูุฏ ุณููุชุฑ ุดู ุงูููุฑูุถ ูุงูุตูุฑ ูุงู ูู ุงุณูู ููุฑ ุงูุฌูุฑุงู ูุง ุงุชููุน ุงูุณูุงุญ ุจุจูุนู ุบูุทู ุฌุจุงุฑู ู ุงูู ูู ูุน ุงููู ูุงูุญุจูู ูุจูุนูู ุงูู ุจุณ ุงูุชุฑุญ ูุฐุง ุงูุดู ุนูููุฏ ุงููุนุจู ุชุตูุฑ ุงุญุณู ู ุงูุซุฑ ูุงูุนูู 
ุซุงูุซุง/ุชุถูููู ุทุงุฆุฑุงุช ุฌุฏูุฏู ููุงูุฑููุฑุณ ูุซูุง ูุทุงุฑ ุฌุฏูุฏ ูุซู ุจุนุถ ุงูููุฏุงุช ุชุฎููู ููุทุงุฆุฑุงุช ุงููุจูุฑู  ูุซู ุงูุดุจุญ ุงููุจูุฑู ู ุทูุงุฑุฉ ุงูุฒุงู ุงูุฌููุฏ ู ุทูุงุฑุงุช ุงููุงุน ุงูุซุฑ ู  ุชุบูุฑูู ุทูุงุฑุฉ ุงูุฑุงุจุชูุฑ ุงููู ุนูุฏ ุงูููุฒุฑ ู ุชุตูููู ุบูุฑูุง ู ุชุฎูููุง ุชุถุฑุจ ุถุฑุจู ููุฒุฑ ุงู ููู ุดู ู  ุงูุฑุงุจุชูุฑ ุงููู ุนูุฏ ุงูุณูุจุฑ ุตูุงุฑูุฎูุง ุชุตูุฑ ูุซู ุตูุงุฑูุฎ ุงูุฏูุงุน ูุงู ุงูุฌูุด ุงูุณูุจุฑ ููู ุตูุงุฑูุฎ EMP ู ุชููููู ุนุฏุฏูู ู3 ุนูููุฏ ูุงุชุตูุฑ ุทูุงุฑุฉ ุฎุงุฑูู ุงู ุดู  ุทูุงุฑุฉ ุงููููุบ ุฑุงุจุชูุฑ  ุฎูููุฉ ูุถุงุฏู ููุฑุตุงุต ู ุบูุฑ ูุถุงุฏู ููุตูุงุฑูุฎ ู ุทูุงุฑุฉ ุงูุดุจุญ ุฎูููุฉ ุฎููู ุญุชู ููู ุชุถุฑุจ  ูุงู ูุฐุง ุงูุดู ุฑุงุญ ูููู ุฌุฏุง ุญูู  ู ุงููููููุจุชุฑ ูุงู ุงูุงูุฑููุฑุณ ุฒูุฏูุง ุตูุงุฑูุฎูุง  ุฎูููุง ุนุดุฑ ุงู ุซูุงู ุตูุงุฑูุฎ  ู ูููููุจุชุฑ ุงูุณูุจุฑ ููุณ ุญุงูุฉ ุงูุฑุงุจุชูุฑ ูุงูุชูุฉ ุชููู ุตูุงุฑูุฎูุง  EMP ุจุณ ุฐุฎูุฑุชูุง ุชููู ุตุงุฑูุฎูู ูุงู ุตูุงุฑูุฎ ุงูEMP ุฑุงุญ ุชููู ุฌุจุงุฑู ุงุฐุง ูุงูุช ููุฌูุฏู ุจููููููุจุชุฑ ุฐููุฑุชูุง ุงุฑุจุน ุตูุงุฑูุฎ  ู  ุงูููููููุจุชุฑ ูุงูุช ุงูุฌูุด ุงูููุฒุฑ ุงุชููู ุชุฎูููุง ุชุถุฑุจ ููุฒุฑ ุจุฏู ุงูุตูุงุฑูุฎ ู ุชุฎูููุง ุชุถุฑุจ ุงูุทูุงุฑุงุช ูุซู ุฌูุด ุงูุงูุฑููุฑุณ ูุงู ูู ุณูุงุญ ููุฒุฑ ูู ูุนููู ูุงูุถุฑุจ ุงูุทูุฑุงู ู ุทูุงุฑุฉ ุงูุงุฑูุฑุง ุฌุง ุฏูุฑ ุงูุฌุจุงุฑู ุฐู ุงููุง ุบูุฑูุง ุงูุงุฑูุฑุง ุงููู ุนูุฏ ุงูุณูุจุฑ ู ุฎูููุง ุนูุฏ ุงูุงูุฑููุฑุณ ู ุฌูุด ุงูููุฒุฑ ุงุญุฐููุง ููู ุงูุงุฑูุฑุง ู ุฎููุง ุทูุงุฑุฉ ุงูุงุฑูุฑุง ุนูุฏ ุงูุณูุจุฑ ููุจูู ุชุถุฑุจ ููุจูุฉ EMP ูุตุบุฑู ูุนูู ูุฏู ุงูุงููุฌุงุฑ ุดูู ูุจูุฑ ุนุดุงู ุชููู ุทูุงุฑุฉ ุฌุจุงุฑู ูุซู ุงูุงูุฑููุฑุณ ู ุทูุงุฑุฉ ุงูุดูููู ุงู ุทูุงุฑุฉ ุงูุณูุจูุงู ุฎูู ููุงุนุฏูุง ุงูุฎุงููู ุงูุซุฑ ุนูุฏ ุฌูุด ุงูุงูุฑููุฑุณ
ุฑุงุจุนุง/ุงูุฌููุด ุงูุงุฑุถูู ุฎูู ุนูุฏ ุฌูุด ุงูููุฒุฑ ูุฏู ุจุนูุฏ ูุนูู ุถูููุง ุฏุจุงุจู ุชุถุฑุจ ูุฏู ุจุนูุฏ ู ุตุฑุงุญู ูุงุนูุฏู ููุฑุฉ ููุง ูุง ุถูููุง ุงูุชุตููู ุญููุง ูููู  ู ุจุงููุณุจุฉ ููููุฑ ููููุง ููุงุนุฏูุง ุงู ุงูุงูู ุงูุฌููุฏ ูุซูุงุซ ุงู ุงุฑุจุน  ุนูุฏ ูู ุฌููุด ุงูุงูุฑููู ุญุชู ุงูุนุงุฏู ู  ุฎููุง ุฏุจุงุจุช ุงูููุฒุฑ ูุฏุงูุง ุงุจุนุฏ ุดูู  ู ุฎูู ููุจูุฉ ุฏุจุงุจุฉ ุงูููุณูุฏุฑ ุงููู ุดูู  ูุด ูุซูุฑ ุงุจุฏุง ู ุฎููุง ุฏุฑุน ุฏุจุงุจุฉ ุงูุจุงูุงุฏูู ุฏุฑุนูุง ุงููู ูุงุฒู ูููู  ู ุจุงููุณุจุฉ ูุฏุฑุน ุงูููุฑ ุงุฑูุฏ ูููู ุงูู ุชุทููุฑู ุชุฒูุฏู ุฏุฑุน ุงูููุฑ ุงูุซุฑ  ุจุณ ูุงุชููู ููุฌูุฏู ูุงู ุงูุชุทููุฑู ุนูุฏ ุฌูุด ุงูุงูุฑููุฑุณ ู ุฌูุด ุงูุณูุจุฑ ุงูุง ุจุงููุณุจู ููุฌููุฏ ุงุฑูุฏ ุฌููุฏ ุงูุณูุจุฑ ูุฑููู  ุตูุงุฑูุฎ EMP ุจุณ ุนู ุทุฑูู ุชุทููุฑู ู ุตูุงุฑูุฎูู ูุงุชุทูู ุงููุจุงูู ู ุงูุฏุจุงุจุช ุจุณุฑุนู ูุซูุง ุนุดุฑ ุตูุงุฑูุฎ ูููุจุงูู ุงู ูุนูู ููู ุดู ู ุงูุตุฑุงุญู ุงุฑูุฏูู ุชุญุฏุฏูู ุนุฏุฏ ุตูุงุฑูุฎุฉููู ูุจูู ู ููู ุงููู  ุนุฏุฏ ูุนูู ูููู ุงูุง ุฌููุฏ ุงูุงูุฑููุฑุณ ุงุฑูุฏ ุชุญุทูููู ุชุทููุฑู ุชุฎูู ุตูุงุฑูุฎูู ุงููู ู ุฌูุด ุงูููุฒุฑ ุงุฑูุฏ ุชุฌููุฑุฉ ุชุฎูู ุฌููุฏูู ูุถุฑุจูู ููุฒุฑ ูู ุตูุงุฑูุฎ  ู ุฌูุด ุงูุงูุฑููู ุงูุนุงุฏู ุงุฑูุฏ ูุงุฎุฐ ุชุทููุฑุฉ ุชุฎูู ุตูุงุฑูุฎู ุงููู ูุซู ุงูุงูุฑููุฑุณ ู ุฌููุฏ ุงูุฑููุฌุฑ ุงุฑูุฏูู ูููููู ุงุถุนู ุนูุฏ ุงูุณูุจุฑ ู ูููููู  ูุฑููู ููุฒุฑ ุถุนูู ูุซู ุงูุทููุงุช ุนูุฏ ุงูููุฒุฑ ุจุณ ูููู ูุฐุง ุงูููุฒุฑ ุงููู ุถุฏ ุงูุฌููุฏ ุจูู ุงููุงุนูู ู ูุจูู ุงูุฑููุฌุฑ ุนุงุฏู ุจุฌูุด ุงูุงูุฑููุฑุณ ู ุฌูุด ุงูุงูุฑููู ุงูุนุงุฏู
ุฎุงูุณุง/ุชุฑููุนุงุช ุงูุงูุฑููุฑ
ุฑุงูู ุงูุงูู/ุงูููุฑ ุงูุตูุงุนู ู  ุฑุชุจู ููููููููุจุชุฑุงุช ุฌููุน ุงููุงุนูู ู ุฑุชุจู ููุทูุงุฑุงุช ุฌููุน ุงููุงุนูู
ุฑุงูู  ุงูุซุงูู/ุงูุฒุงู ุฌููุฏ ุฑููุฌูุฑุฒ  8  ู ูุงุฐู 4 ู ุชุตููุญ ูุณุชูู ุงูู ู ุงูุฏุฑูู ุงููุงุดู ู ูุฌูู ุทุงุฆุฑุฉ ููุงุชูู ูุงุญุฏู
ุฑุงูู ุงูุซุงูุซ/ูุฌูู ุทุงุฆุฑุชูู ููุงุชูุชูู ู ุงููุณุชูู ุงููุจู ุงูุงุฎูุฑ ูุญูู  ุซูุงุซ ุทุงุฆุฑุงุช ููุงุชูู ู ุงููุณุชูู ุงูุฑุงุจุน ูุฌูู ุฎูุณ ุทุงุฆุฑุงุช ููุงุชูู ู ุงูุฒุงู ุฌููุฏ ุฑููุฌูุฑ 10 ู ูุงุฐู 5 ู ููุงุต 2
ุฑุงูู ุงุฑุจุนู/ูุงุดูุก
ุฑุงูู ุฎูุณู ุงูุฒุงู ุฎูุณ ุทุงุฆุฑุงุช ูููุงูุดู ูู  ุงูุณูุงุก ู ุทุงุฆุฑุฉ ุดุจุญ ูุน ููุจูู ููู ูุฏู ุงูุงููุฌุงุฑ ุงูุจุฑ ู ุชุฃุฎุฐ ุซูุงุซ ููุงุท ู ุงูุฒุงู ุฑููุฌุฑ 20 ู ูุงุฐู 15  ู ููุงุต 5 ุชุฃุฎุฐ ููุทุชุงู
ูุฌููุน ุงูููุงุท ุงูููู ููุงูุฑููุฑุณ ูู 12 
ุงุซูุงู ุจุงูุฑุงูู ุงูุงูู ู ุงุซูุงู ุจุงูุฑุงูู ุงูุซุงูู ู ุซูุงุซู ุจุงูุซุงูุซ ู ูุงุญุฏู ุจุงูุฑุงุจุน ู ุงุฑุจุนู ุจุงูุฎุงูุณ
ุฌูุด ุงูุณูุจุฑ ููุจูู
ุงูุฑุงูู ุงูุงูู/ุชุฑููู ููุฏูุงุนุงุช ุชุฒูุฏ ุงูุถุฑุฑ ุจูุณุจุฉ ุนุดุฑุฉ ุจุงููุฆู ู ุงููุฏู 15% ู ุงูุฏุฑุน 20% ู ุงุฏุฑูู ุงููุงุดู
ุงูุฑุงูู ุงูุซุงูู/ูุงุดูุก
ุงูุซุงูุซ/ุงูุฒุงู ูุฏุงูุน ุตูุงุฑูุฎ 2 ุจุงูููุทูู ุงููุญุฏุฏู ู ุงูุฒุงู ูุฏุงูุน ุตูุงุฑูุฎ 3 ุจุงูููุทูู ุงููุญุฏุฏู ู ุงูุฒุงู ูุฏุงูุน ุตูุงุฑูุฎ 4 ู ุฌุฑุงุฑ ูู ุงููุณุท ูู ุงูููุทูู ุงููุญุฏุฏู ู ุชุตููุญ ุจูู ูุณุชููุงุชู ุงูุซูุงุซ
ุงูุฑุงูู ุงูุฑุงุจุน/ุทุงุฆุฑุฉ ุดุจุญ ูุน ููุจูุฉ EMP ุจูุฏู ูุจูุฑ ุงูุจุฑ ูู ูุฏู ุงููุฌุงุฑ ููุจูุฉ ุงูุดุจุญ ุงูุฎุงุตู ุจุงูุงูุฑููุฑุณ ุชุฃุฎุฐ ุฎูุณ ููุงุท
ุงูุฑุงูู ุงูุฎุงูุณ/ุงูุฒุงู 5 ููุฑุงุช ู 20 ุฌูุฏู ูุงุฐู ู ุซูุงุซ ุงุณุนุงู ู 2 ุงูููุฌุฑ(ูุถุงุฏ ุทูุฑุงู)  ูุฃุฎุฐ ููุทุชุงู ููุงุท ู  ุงูุฒุงู ุงุฑุจุน ุฌุฑุงุฑุงุช ูุน ุนุดุฑ ุฌููุฏ ุฑููุฌุฑ ูู ุงูููุทูู ุงููุญุฏุฏู ู ุทุงุฆุฑุชุงู ุนุงุฏูุชุงู ูุฑููุงู ููุงุจู ูู ุงูููุทูู ุงููุญุฏุฏู(2 carpet bombing) ุชุฃุฎุฐ ุงุฑุจุน ููุงุท
ุนุฏุฏ ุงูููุงุท ุงูููู/15 
ุงุซูุงู ุจุงูุฑุงูู ุงูุงูู ู ูุงุญุฏ ุจุงูุฑุงูู ุงูุซุงูู ู ุฎูุณ ุจุงูุฑุงูู ุงูุซุงูุซ ู ุงุซูุงู ุจุงูุฑุงุจุน ู ุฎูุณ ุจุงูุฎุงูุณ
ุงุฐุง ุชุฑูุฏูู ุชุนุฑููู ุจุงูู ุงููุงุฑู ุฑุงุณูููู ุนูู ูุฐุง  ุงูุญุณุงุจ ุนูู ุงูุงูุณุชุงุบุฑุงู/general_d009"
"2021/08/29 2:40:31 PM GMT+2","ุงูููุงูู","ููุง","ููู ุฑููุฌุฑ GameRanger;ุฑุงุฏูู Radmin;ุงูููุงูู ุงูุฑุณูู ูู ุงููุนุจุฉ ุจุญุณุงุจ CNC Online (Revora)","ุฌููุชูู ุงุญุฏุซ ุงุตุฏุงุฑ GenTool (Latest)","ูุนู, ุงุญูุงูุง","ูุนู, ููููุง","5","4","4","ุงูุฏุงูุฌ, ุงูุณุฑุนุฉ, ููููุฉ ุงูุตุญุฉ(ุงูุฏู) ูููุญุฏุงุช ุงููุชูุงุฌุฏุฉ ูู ุงููุนุจุฉ ูุงูุจูุงูุงุช ูุงููุฏุฑุงุช ุงูุชุฑููุนูุฉ","ููุง","ููุง","ูุนู, ููููุง","ูุนู",""
"2021/08/29 3:01:14 PM GMT+2","ุงูููุงูู","ููุง","ุฑุงุฏูู Radmin","ุฌููุชูู ุงุญุฏุซ ุงุตุฏุงุฑ GenTool (Latest)","ูุนู, ุบุงูุจุง","ูุนู, ุงููุซูุฑ","4","3","3","ุชุบููุฑ ุงููุงุฌูุงุช ุฏุงุฎู ุงููุนุจุฉ;ูุญุฏุงุช ุฌุฏูุฏุฉ ูุจูุงูุงุช ููุฏุฑุงุช ุชุฑููุนูุฉ","ูุนู","ูุนู","ูุนู, ููููุง","ูุนู","ุนูุฏ ุงูุนุจ ุงูููุงูู ูุตุจุญ ุงูุฌูุงุฒ ุงู ุงูุนุจ ุจุทุฆ ุจุดูู ูุจูุฑ ููุตุจุญ ููุงู ูุงู"
"2021/08/29 3:31:31 PM GMT+2","ูุนุจ ูุฑุฏู;ููุฏุงุช (ROTR ุฑุงูุฒ ุงูู ุฐุง ุฑูุฏุฒ, Shockwave ุดูู ููู, Contra ูููุชุฑุง, ...)","ููุง","ุฑุงุฏูู Radmin","ุจุฑูุงูุฌ ุฌูู ุจุงุชุดุฑ GenPatcher","ูุนู, ุงุญูุงูุง","ูุนู, ููููุง","3","3","3","ุงูุฏุงูุฌ, ุงูุณุฑุนุฉ, ููููุฉ ุงูุตุญุฉ(ุงูุฏู) ูููุญุฏุงุช ุงููุชูุงุฌุฏุฉ ูู ุงููุนุจุฉ ูุงูุจูุงูุงุช ูุงููุฏุฑุงุช ุงูุชุฑููุนูุฉ","ูุนู, ุงุฐุง ูุงู ุงูุชุฃุซูุฑ ุนูู ุทุฑููุฉ ุงููุนุจ ูููู ูุชู ุชุญููู ุงูุชูุงุฒู ุจูู ุงูุฌููุด","ูุนู, ุงุฐุง ูุงู ุงูุชุฃุซูุฑ ุนูู ุทุฑููุฉ ุงููุนุจ ูููู","ูุนู, ููููุง","ูุนู","ูุญุฑู ุงูุนุจู"
"2021/08/29 6:10:56 PM GMT+2","ูุนุจ ูุฑุฏู;ุงูููุงูู;ููุฏุงุช (ROTR ุฑุงูุฒ ุงูู ุฐุง ุฑูุฏุฒ, Shockwave ุดูู ููู, Contra ูููุชุฑุง, ...);ุงุฎุฑู","ููุง","ุฑุงุฏูู Radmin","","ูุนู, ุบุงูุจุง","ูุนู, ููููุง","3","5","5","ุชุบููุฑ ุงูููุงุฆู;ุชุบููุฑ ุงููุงุฌูุงุช ุฏุงุฎู ุงููุนุจุฉ;ุชุบููุฑ ุงูุงุตูุงุช ูุงูุงุดูุงู ูููุญุฏุงุช ุงููุชูุงุฌุฏุฉ ูู ุงููุนุจุฉ ูุงูุจูุงูุงุช ูุงููุฏุฑุงุช ุงูุชุฑููุนูุฉ;ุงูุฏุงูุฌ, ุงูุณุฑุนุฉ, ููููุฉ ุงูุตุญุฉ(ุงูุฏู) ูููุญุฏุงุช ุงููุชูุงุฌุฏุฉ ูู ุงููุนุจุฉ ูุงูุจูุงูุงุช ูุงููุฏุฑุงุช ุงูุชุฑููุนูุฉ;ุทุฑููุฉ ุงููุนุจ ุงู ูุธููุฉ ุงููุญุฏุงุช ุงููุชูุงุฌุฏุฉ ูู ุงููุนุจุฉ ูุงูุจูุงูุงุช ูุงููุฏุฑุงุช ุงูุชุฑููุนูุฉ;ูุญุฏุงุช ุฌุฏูุฏุฉ ูุจูุงูุงุช ููุฏุฑุงุช ุชุฑููุนูุฉ;ุฌููุด ุฌุฏูุฏุฉ","ููุง","ูุนู","ููุง","ูุนู",""
"2021/08/29 6:12:59 PM GMT+2","ูุนุจ ูุฑุฏู;ุงูููุงูู;ููุฏุงุช (ROTR ุฑุงูุฒ ุงูู ุฐุง ุฑูุฏุฒ, Shockwave ุดูู ููู, Contra ูููุชุฑุง, ...);ุงุฎุฑู","ููุง","ููู ุฑููุฌุฑ GameRanger","ุงุฎุฑู","ูุนู, ุงุญูุงูุง","ูุนู, ููููุง","3","5","5","ุชุบููุฑ ุงูููุงุฆู;ุชุบููุฑ ุงููุงุฌูุงุช ุฏุงุฎู ุงููุนุจุฉ;ุชุบููุฑ ุงูุงุตูุงุช ูุงูุงุดูุงู ูููุญุฏุงุช ุงููุชูุงุฌุฏุฉ ูู ุงููุนุจุฉ ูุงูุจูุงูุงุช ูุงููุฏุฑุงุช ุงูุชุฑููุนูุฉ;ุงูุฏุงูุฌ, ุงูุณุฑุนุฉ, ููููุฉ ุงูุตุญุฉ(ุงูุฏู) ูููุญุฏุงุช ุงููุชูุงุฌุฏุฉ ูู ุงููุนุจุฉ ูุงูุจูุงูุงุช ูุงููุฏุฑุงุช ุงูุชุฑููุนูุฉ;ุทุฑููุฉ ุงููุนุจ ุงู ูุธููุฉ ุงููุญุฏุงุช ุงููุชูุงุฌุฏุฉ ูู ุงููุนุจุฉ ูุงูุจูุงูุงุช ูุงููุฏุฑุงุช ุงูุชุฑููุนูุฉ;ูุญุฏุงุช ุฌุฏูุฏุฉ ูุจูุงูุงุช ููุฏุฑุงุช ุชุฑููุนูุฉ;ุฌููุด ุฌุฏูุฏุฉ","ูุนู, ุงุฐุง ูุงู ุงูุชุฃุซูุฑ ุนูู ุทุฑููุฉ ุงููุนุจ ูููู ูุชู ุชุญููู ุงูุชูุงุฒู ุจูู ุงูุฌููุด","ูุนู","ููุง","ูุนู",""
"2021/08/29 6:52:33 PM GMT+2","ุงูููุงูู","ููุง","ุฑุงุฏูู Radmin","ุฌููุชูู ุงุญุฏุซ ุงุตุฏุงุฑ GenTool (Latest);ูุงุฌูุฉ ููุชุฑูู ุจุงุฑ ุจุฑู ControlBarPro","ูุนู, ุงุญูุงูุง","ูุนู, ููููุง","3","5","5","ุงูุฏุงูุฌ, ุงูุณุฑุนุฉ, ููููุฉ ุงูุตุญุฉ(ุงูุฏู) ูููุญุฏุงุช ุงููุชูุงุฌุฏุฉ ูู ุงููุนุจุฉ ูุงูุจูุงูุงุช ูุงููุฏุฑุงุช ุงูุชุฑููุนูุฉ","ูุนู, ุงุฐุง ูุงู ุงูุชุฃุซูุฑ ุนูู ุทุฑููุฉ ุงููุนุจ ูููู ูุชู ุชุญููู ุงูุชูุงุฒู ุจูู ุงูุฌููุด","ููุง","ููุง","ูุนู","ููุงุฒูุฉ ุงูุงูุฑูุฑุง ูุงุถุงูุฉ ุดุฆ ูุฌูุด stealth+ูุฌูุด ุงูุชุงูู ูุธููู + ุงุชููู ุงู ูุชุงุญ ูู ุจุฏุงูุฉ ุงููุนุจุฉ ุงุฏุงุฉ ุงู ุชุฑููุน ูุณูุญ ุจุฑุคูุฉ ุฌูุด ุงูุฎุตู ููุง ูู ุงูUSA. ููุฌุฏ satellite spy "
"2021/08/29 7:43:25 PM GMT+2","ุงูููุงูู;ููุฏุงุช (ROTR ุฑุงูุฒ ุงูู ุฐุง ุฑูุฏุฒ, Shockwave ุดูู ููู, Contra ูููุชุฑุง, ...)","ููุง","ุฑุงุฏูู Radmin;ุงูููุงูู ุงูุฑุณูู ูู ุงููุนุจุฉ ุจุญุณุงุจ CNC Online (Revora)","ุฌููุชูู ุงุญุฏุซ ุงุตุฏุงุฑ GenTool (Latest)","ูุนู, ุงุญูุงูุง","ูุนู, ููููุง","3","5","5","ุชุบููุฑ ุงูุงุตูุงุช ูุงูุงุดูุงู ูููุญุฏุงุช ุงููุชูุงุฌุฏุฉ ูู ุงููุนุจุฉ ูุงูุจูุงูุงุช ูุงููุฏุฑุงุช ุงูุชุฑููุนูุฉ;ุฌููุด ุฌุฏูุฏุฉ","ูุนู","ููุง","ููุง","ูุนู","ุงุชููู ุญู ุงููุดุงูู ุงูุชูููุฉ ูู ุงููุนุจุฉ ูุงูุนูู ุนูู ุชุญุณูู ุงูุฌุฑุงูููุณ ูุงูุงุตูุงุช ูุงุถุงูุฉ ุฌููุด ุฌุฏูุฏุฉ ูุน ุนุฏู ุชุนุฏูู ุงูุฌููุด ุงูููุฌูุฏุฉ ุงุณุงุณุง ูุงู ุงููุนุจุฉ ุงุณุทูุฑูุฉ ููุง ูู ูููู ุณุชููู ุงุณุทูุฑูุฉ ุงูุซุฑ ุจูุซูุฑ ูู ุฃุตุจุญุช ุชูุงูุจ ุนุตุฑ ุงูุฌุฑุงููุณ ุงูุญุฏูุซ ูุงูุฌููุด ุงููุซูุฑุฉ ูุงูุนุฏุงู ุงููุดุงูู ุงูุชูููุฉ
+ูุฐู ุงููุนุจุฉ ูุดููุฑุฉ ุจุดูู ูุจูุฑ ูู ุฏูู ุนุฑุจูุฉ ูุซู ุณูุฑูุง ูุงูุนุฑุงู ููุฐู ุงูุฏูู ุงุฎูู ุงูุชุตุงุฏ ุถุนูู ูุงูุชุฑูุช ุจุทูุฆ ูุฃุชููู ุฃู ูููู ุงูุจุงุชุด ุฎููู ุนูู ุงูุฌูุงุฒ ูุณูุณ"
"2021/08/29 7:44:16 PM GMT+2","ุงูููุงูู","ููุง","ููู ุฑููุฌุฑ GameRanger;ุฑุงุฏูู Radmin;ุงูููุงูู ุงูุฑุณูู ูู ุงููุนุจุฉ ุจุญุณุงุจ CNC Online (Revora)","ุฌููุชูู ุงุญุฏุซ ุงุตุฏุงุฑ GenTool (Latest)","ููุง","ูุนู, ุงููุซูุฑ","1","5","5","ุชุบููุฑ ุงูุงุตูุงุช ูุงูุงุดูุงู ูููุญุฏุงุช ุงููุชูุงุฌุฏุฉ ูู ุงููุนุจุฉ ูุงูุจูุงูุงุช ูุงููุฏุฑุงุช ุงูุชุฑููุนูุฉ","ููุง","ูุนู, ุงุฐุง ูุงู ุงูุชุฃุซูุฑ ุนูู ุทุฑููุฉ ุงููุนุจ ูููู","","",""
"2021/08/30 1:50:48 AM GMT+2","ุงูููุงูู","ููุง","ุงูููุงูู ุงูุฑุณูู ูู ุงููุนุจุฉ ุจุญุณุงุจ CNC Online (Revora)","ุฌููุชูู ุงุญุฏุซ ุงุตุฏุงุฑ GenTool (Latest)","ูุนู, ุงุญูุงูุง","ูุนู, ููููุง","5","5","5","ุฌููุด ุฌุฏูุฏุฉ","ูุนู, ุงุฐุง ูุงู ุงูุชุฃุซูุฑ ุนูู ุทุฑููุฉ ุงููุนุจ ูููู ูุชู ุชุญููู ุงูุชูุงุฒู ุจูู ุงูุฌููุด","ูุนู, ุงุฐุง ูุงู ุงูุชุฃุซูุฑ ุนูู ุทุฑููุฉ ุงููุนุจ ูููู","ูุนู","ูุนู","ูุงุฎู ุงุฑูุฏ ุงูุฌูุด ุงูุฌุฒุงุฆุฑ ูุงู ุงูุฌุฒุงุฆุฑู ู ุงููุตุฑู ูู ุงูุงููู ุงูุฐูู ููุซููู ุงูุฑูููุง ู ุงูุนุฑุจ
"
"2021/08/30 2:09:43 AM GMT+2","ุงูููุงูู","ูุนู","ุฑุงุฏูู Radmin","ุฌููุชูู ุงุญุฏุซ ุงุตุฏุงุฑ GenTool (Latest)","ูุนู, ุบุงูุจุง","ูุนู, ุงููุซูุฑ","4","5","5","ุทุฑููุฉ ุงููุนุจ ุงู ูุธููุฉ ุงููุญุฏุงุช ุงููุชูุงุฌุฏุฉ ูู ุงููุนุจุฉ ูุงูุจูุงูุงุช ูุงููุฏุฑุงุช ุงูุชุฑููุนูุฉ;ุฌููุด ุฌุฏูุฏุฉ","ูุนู, ุงุฐุง ูุงู ุงูุชุฃุซูุฑ ุนูู ุทุฑููุฉ ุงููุนุจ ูููู","ูุนู","ูุนู","ูุนู",""
"2021/08/30 5:39:01 AM GMT+2","ุงูููุงูู","ููุง","ููู ุฑููุฌุฑ GameRanger;ุฑุงุฏูู Radmin","ุฌููุชูู ุงุญุฏุซ ุงุตุฏุงุฑ GenTool (Latest)","ูุนู, ุงุญูุงูุง","ูุนู, ุงููุซูุฑ","2","5","5","ุชุบููุฑ ุงูููุงุฆู;ุชุบููุฑ ุงููุงุฌูุงุช ุฏุงุฎู ุงููุนุจุฉ;ุชุบููุฑ ุงูุงุตูุงุช ูุงูุงุดูุงู ูููุญุฏุงุช ุงููุชูุงุฌุฏุฉ ูู ุงููุนุจุฉ ูุงูุจูุงูุงุช ูุงููุฏุฑุงุช ุงูุชุฑููุนูุฉ;ุงูุฏุงูุฌ, ุงูุณุฑุนุฉ, ููููุฉ ุงูุตุญุฉ(ุงูุฏู) ูููุญุฏุงุช ุงููุชูุงุฌุฏุฉ ูู ุงููุนุจุฉ ูุงูุจูุงูุงุช ูุงููุฏุฑุงุช ุงูุชุฑููุนูุฉ;ุทุฑููุฉ ุงููุนุจ ุงู ูุธููุฉ ุงููุญุฏุงุช ุงููุชูุงุฌุฏุฉ ูู ุงููุนุจุฉ ูุงูุจูุงูุงุช ูุงููุฏุฑุงุช ุงูุชุฑููุนูุฉ;ูุญุฏุงุช ุฌุฏูุฏุฉ ูุจูุงูุงุช ููุฏุฑุงุช ุชุฑููุนูุฉ;ุฌููุด ุฌุฏูุฏุฉ","ูุนู","ูุนู","ููุง","ูุนู","ุญุณูู ุฏูุฉ ุงููุนุจุฉ  ุฑุฌุงุก"
"2021/08/30 9:19:58 AM GMT+2","ุงูููุงูู","ูุนู","ุฑุงุฏูู Radmin","ุฌููุชูู ุงุญุฏุซ ุงุตุฏุงุฑ GenTool (Latest)","ูุนู, ุงุญูุงูุง","ูุนู, ููููุง","3","5","5","ุฌููุด ุฌุฏูุฏุฉ","ูุนู","ูุนู","ูุนู, ููููุง","ูุนู","ุจุงููุณุจุฉ  ููุนุจุฉ ุงุชููู ุงู ุชูุฒู ุจุดูู ุฌุฏูุฏ ุชูุงูุง ุนู  ุงูุณุงุจู ููุฐุง ุณูุดูู ุญุงูุฒ  ููุงุนุจูู ุงููุฏูุงุก ูุงูุฌุฏูุฏ  "
"2021/08/30 10:11:16 AM GMT+2","ุงูููุงูู","ูุนู","ููู ุฑููุฌุฑ GameRanger;ุฑุงุฏูู Radmin","ุฌููุชูู ุงุญุฏุซ ุงุตุฏุงุฑ GenTool (Latest)","ูุนู, ุบุงูุจุง","ูุนู, ููููุง","5","5","5","","ููุง","","ููุง","ูุนู",""
"2021/08/30 11:42:08 AM GMT+2","ูุนุจ ูุฑุฏู;ุงูููุงูู;ููุฏุงุช (ROTR ุฑุงูุฒ ุงูู ุฐุง ุฑูุฏุฒ, Shockwave ุดูู ููู, Contra ูููุชุฑุง, ...)","ููุง","ููู ุฑููุฌุฑ GameRanger;ุฑุงุฏูู Radmin","ุฌููุชูู ุงุญุฏุซ ุงุตุฏุงุฑ GenTool (Latest);ูุงุฌูุฉ ููุชุฑูู ุจุงุฑ ุจุฑู ControlBarPro","ูุนู, ุบุงูุจุง","ูุนู, ููููุง","3","5","5","ูุญุฏุงุช ุฌุฏูุฏุฉ ูุจูุงูุงุช ููุฏุฑุงุช ุชุฑููุนูุฉ","ูุนู, ุงุฐุง ูุงู ุงูุชุฃุซูุฑ ุนูู ุทุฑููุฉ ุงููุนุจ ูููู","ูุนู, ุงุฐุง ูุงู ุงูุชุฃุซูุฑ ุนูู ุทุฑููุฉ ุงููุนุจ ูููู","ูุนู, ููููุง","ูุนู",""
"2021/08/30 4:04:22 PM GMT+2","ุงูููุงูู;ููุฏุงุช (ROTR ุฑุงูุฒ ุงูู ุฐุง ุฑูุฏุฒ, Shockwave ุดูู ููู, Contra ูููุชุฑุง, ...)","ููุง","ุฑุงุฏูู Radmin","ุฌููุชูู ุงุญุฏุซ ุงุตุฏุงุฑ GenTool (Latest);ูุงุฌูุฉ ููุชุฑูู ุจุงุฑ ุจุฑู ControlBarPro","ูุนู, ุงุญูุงูุง","ูุนู, ุงููุซูุฑ","4","5","5","ุชุบููุฑ ุงููุงุฌูุงุช ุฏุงุฎู ุงููุนุจุฉ;ุชุบููุฑ ุงูุงุตูุงุช ูุงูุงุดูุงู ูููุญุฏุงุช ุงููุชูุงุฌุฏุฉ ูู ุงููุนุจุฉ ูุงูุจูุงูุงุช ูุงููุฏุฑุงุช ุงูุชุฑููุนูุฉ;ุทุฑููุฉ ุงููุนุจ ุงู ูุธููุฉ ุงููุญุฏุงุช ุงููุชูุงุฌุฏุฉ ูู ุงููุนุจุฉ ูุงูุจูุงูุงุช ูุงููุฏุฑุงุช ุงูุชุฑููุนูุฉ;ูุญุฏุงุช ุฌุฏูุฏุฉ ูุจูุงูุงุช ููุฏุฑุงุช ุชุฑููุนูุฉ;ุฌููุด ุฌุฏูุฏุฉ","ูุนู, ุงุฐุง ูุงู ุงูุชุฃุซูุฑ ุนูู ุทุฑููุฉ ุงููุนุจ ูููู ูุชู ุชุญููู ุงูุชูุงุฒู ุจูู ุงูุฌููุด","ูุนู","ููุง","ูุนู",""
"2021/08/30 7:28:53 PM GMT+2","ุงูููุงูู;ููุฏุงุช (ROTR ุฑุงูุฒ ุงูู ุฐุง ุฑูุฏุฒ, Shockwave ุดูู ููู, Contra ูููุชุฑุง, ...);ุงุฎุฑู","ูุนู","ููู ุฑููุฌุฑ GameRanger;ุงูููุงูู ุงูุฑุณูู ูู ุงููุนุจุฉ ุจุญุณุงุจ CNC Online (Revora)","ุฌููุชูู ุงุญุฏุซ ุงุตุฏุงุฑ GenTool (Latest);ุฌููุชูู ุงุตุฏุงุฑ ูุฏูู GenTool (Old)","ูุนู, ุบุงูุจุง","ูุนู, ุงููุซูุฑ","2","5","3","ุชุบููุฑ ุงูููุงุฆู;ุชุบููุฑ ุงููุงุฌูุงุช ุฏุงุฎู ุงููุนุจุฉ;ุชุบููุฑ ุงูุงุตูุงุช ูุงูุงุดูุงู ูููุญุฏุงุช ุงููุชูุงุฌุฏุฉ ูู ุงููุนุจุฉ ูุงูุจูุงูุงุช ูุงููุฏุฑุงุช ุงูุชุฑููุนูุฉ;ุงูุฏุงูุฌ, ุงูุณุฑุนุฉ, ููููุฉ ุงูุตุญุฉ(ุงูุฏู) ูููุญุฏุงุช ุงููุชูุงุฌุฏุฉ ูู ุงููุนุจุฉ ูุงูุจูุงูุงุช ูุงููุฏุฑุงุช ุงูุชุฑููุนูุฉ;ุทุฑููุฉ ุงููุนุจ ุงู ูุธููุฉ ุงููุญุฏุงุช ุงููุชูุงุฌุฏุฉ ูู ุงููุนุจุฉ ูุงูุจูุงูุงุช ูุงููุฏุฑุงุช ุงูุชุฑููุนูุฉ;ูุญุฏุงุช ุฌุฏูุฏุฉ ูุจูุงูุงุช ููุฏุฑุงุช ุชุฑููุนูุฉ;ุฌููุด ุฌุฏูุฏุฉ","ูุนู, ุงุฐุง ูุงู ุงูุชุฃุซูุฑ ุนูู ุทุฑููุฉ ุงููุนุจ ูููู","ูุนู","ูุนู","ูุนู","thnks"
"2021/08/30 7:40:37 PM GMT+2","ูุนุจ ูุฑุฏู","ููุง","ุฑุงุฏูู Radmin;ุงูููุงูู ุงูุฑุณูู ูู ุงููุนุจุฉ ุจุญุณุงุจ CNC Online (Revora)","ุฌููุชูู ุงุญุฏุซ ุงุตุฏุงุฑ GenTool (Latest);ูุงุฌูุฉ ููุชุฑูู ุจุงุฑ ุจุฑู ControlBarPro","ููุง","ููุง","4","5","5","ุชุบููุฑ ุงูุงุตูุงุช ูุงูุงุดูุงู ูููุญุฏุงุช ุงููุชูุงุฌุฏุฉ ูู ุงููุนุจุฉ ูุงูุจูุงูุงุช ูุงููุฏุฑุงุช ุงูุชุฑููุนูุฉ","ููุง","ูุนู, ุงุฐุง ูุงู ุงูุชุฃุซูุฑ ุนูู ุทุฑููุฉ ุงููุนุจ ูููู","ูุนู, ููููุง","ููุง, ูู ูุชุบูุฑ ุดูุก","ุฌุฑุงููุณ ุฌุฑุงููุณ ุฌุฑุงููุณ ุฌุฑุงููุณ ูุฑูุฏ ุงูุชุฑููุฒ ุนูู ุงูุฑุณูู ูุชุญุณูููุง"
"2021/08/30 7:44:02 PM GMT+2","ูุนุจ ูุฑุฏู;ุงูููุงูู;ููุฏุงุช (ROTR ุฑุงูุฒ ุงูู ุฐุง ุฑูุฏุฒ, Shockwave ุดูู ููู, Contra ูููุชุฑุง, ...)","ููุง","ููู ุฑููุฌุฑ GameRanger","ุฌููุชูู ุงุญุฏุซ ุงุตุฏุงุฑ GenTool (Latest)","ูุนู, ุงุญูุงูุง","ูุนู, ููููุง","4","5","4","ุชุบููุฑ ุงูููุงุฆู;ุชุบููุฑ ุงููุงุฌูุงุช ุฏุงุฎู ุงููุนุจุฉ;ุทุฑููุฉ ุงููุนุจ ุงู ูุธููุฉ ุงููุญุฏุงุช ุงููุชูุงุฌุฏุฉ ูู ุงููุนุจุฉ ูุงูุจูุงูุงุช ูุงููุฏุฑุงุช ุงูุชุฑููุนูุฉ;ุฌููุด ุฌุฏูุฏุฉ","ูุนู, ุงุฐุง ูุงู ุงูุชุฃุซูุฑ ุนูู ุทุฑููุฉ ุงููุนุจ ูููู ูุชู ุชุญููู ุงูุชูุงุฒู ุจูู ุงูุฌููุด","ูุนู","ูุนู, ููููุง","ูุนู",""
"2021/08/30 10:47:46 PM GMT+2","ุงูููุงูู","ูุนู","ููู ุฑููุฌุฑ GameRanger","ุฌููุชูู ุงุญุฏุซ ุงุตุฏุงุฑ GenTool (Latest);ุฌููุชูู ุงุตุฏุงุฑ ูุฏูู GenTool (Old)","ูุนู, ุงุญูุงูุง","ูุนู, ุงููุซูุฑ","5","5","5","ุชุบููุฑ ุงููุงุฌูุงุช ุฏุงุฎู ุงููุนุจุฉ;ูุญุฏุงุช ุฌุฏูุฏุฉ ูุจูุงูุงุช ููุฏุฑุงุช ุชุฑููุนูุฉ;ุฌููุด ุฌุฏูุฏุฉ","ูุนู, ุงุฐุง ูุงู ุงูุชุฃุซูุฑ ุนูู ุทุฑููุฉ ุงููุนุจ ูููู ูุชู ุชุญููู ุงูุชูุงุฒู ุจูู ุงูุฌููุด","ููุง","ูุนู, ููููุง","ูุนู",""
"2021/08/31 6:26:47 AM GMT+2","ูุนุจ ูุฑุฏู;ุงูููุงูู","ููุง","ููู ุฑููุฌุฑ GameRanger;ูุงูุงุชุดู Hamachi","ุงุฎุฑู","ูุนู, ุบุงูุจุง","ูุนู, ุงููุซูุฑ","3","3","3","ุชุบููุฑ ุงููุงุฌูุงุช ุฏุงุฎู ุงููุนุจุฉ","ูุนู, ุงุฐุง ูุงู ุงูุชุฃุซูุฑ ุนูู ุทุฑููุฉ ุงููุนุจ ูููู","ูุนู, ุงุฐุง ูุงู ุงูุชุฃุซูุฑ ุนูู ุทุฑููุฉ ุงููุนุจ ูููู","ูุนู, ููููุง","ูุนู","you have encountered a serious error generals zero hour ุญู ูุดููุฉ"
"2021/08/31 6:36:30 AM GMT+2","ููุฏุงุช (ROTR ุฑุงูุฒ ุงูู ุฐุง ุฑูุฏุฒ, Shockwave ุดูู ููู, Contra ูููุชุฑุง, ...)","ูุนู","ุฑุงุฏูู Radmin","ุฌููุชูู ุงุญุฏุซ ุงุตุฏุงุฑ GenTool (Latest)","ูุนู, ุบุงูุจุง","ูุนู, ุงููุซูุฑ","1","5","5","ุชุบููุฑ ุงูุงุตูุงุช ูุงูุงุดูุงู ูููุญุฏุงุช ุงููุชูุงุฌุฏุฉ ูู ุงููุนุจุฉ ูุงูุจูุงูุงุช ูุงููุฏุฑุงุช ุงูุชุฑููุนูุฉ","ููุง","ููุง","ููุง","ูุนู",""
"2021/08/31 6:56:40 PM GMT+2","ุงูููุงูู","ููุง","ููู ุฑููุฌุฑ GameRanger;ุฑุงุฏูู Radmin;ุงูููุงูู ุงูุฑุณูู ูู ุงููุนุจุฉ ุจุญุณุงุจ CNC Online (Revora)","ุฌููุชูู ุงุญุฏุซ ุงุตุฏุงุฑ GenTool (Latest);ูุงุฌูุฉ ููุชุฑูู ุจุงุฑ ุจุฑู ControlBarPro","ููุง","ูุนู, ููููุง","4","5","5","ุชุบููุฑ ุงูููุงุฆู;ุชุบููุฑ ุงููุงุฌูุงุช ุฏุงุฎู ุงููุนุจุฉ;ุชุบููุฑ ุงูุงุตูุงุช ูุงูุงุดูุงู ูููุญุฏุงุช ุงููุชูุงุฌุฏุฉ ูู ุงููุนุจุฉ ูุงูุจูุงูุงุช ูุงููุฏุฑุงุช ุงูุชุฑููุนูุฉ;ุงูุฏุงูุฌ, ุงูุณุฑุนุฉ, ููููุฉ ุงูุตุญุฉ(ุงูุฏู) ูููุญุฏุงุช ุงููุชูุงุฌุฏุฉ ูู ุงููุนุจุฉ ูุงูุจูุงูุงุช ูุงููุฏุฑุงุช ุงูุชุฑููุนูุฉ;ุทุฑููุฉ ุงููุนุจ ุงู ูุธููุฉ ุงููุญุฏุงุช ุงููุชูุงุฌุฏุฉ ูู ุงููุนุจุฉ ูุงูุจูุงูุงุช ูุงููุฏุฑุงุช ุงูุชุฑููุนูุฉ;ูุญุฏุงุช ุฌุฏูุฏุฉ ูุจูุงูุงุช ููุฏุฑุงุช ุชุฑููุนูุฉ;ุฌููุด ุฌุฏูุฏุฉ","ูุนู","ูุนู","ูุนู","ูุนู","ุงุนุชูุฏ ุงูุฌูุง ูุญุชุงุฌ ูุชุนุงุฏู ูุน ุฌููุน ุงูุฌููุด ูุงูู ุชูุฑูุจุง ุงูุถู ุฌูุด ูุนูุฏูุง ุงูุนุจ ุดููุง ุถุฏ ุฌูุง ุจุชููู ุตุนุจ ุฌุฏุง ุงูุณุจ ุงูุฌูุง "
"2021/09/01 5:31:40 PM GMT+2","ูุนุจ ูุฑุฏู;ุงูููุงูู","ููุง","ููู ุฑููุฌุฑ GameRanger;ุงูููุงูู ุงูุฑุณูู ูู ุงููุนุจุฉ ุจุญุณุงุจ CNC Online (Revora)","ุฌููุชูู ุงุญุฏุซ ุงุตุฏุงุฑ GenTool (Latest)","ูุนู, ุบุงูุจุง","","4","4","5","","ูุนู, ุงุฐุง ูุงู ุงูุชุฃุซูุฑ ุนูู ุทุฑููุฉ ุงููุนุจ ูููู","ูุนู, ุงุฐุง ูุงู ุงูุชุฃุซูุฑ ุนูู ุทุฑููุฉ ุงููุนุจ ูููู","ูุนู, ููููุง","ูุนู",""
"2021/09/01 5:43:56 PM GMT+2","ุงูููุงูู","ููุง","ููู ุฑููุฌุฑ GameRanger","","ูุนู, ุบุงูุจุง","ูุนู, ููููุง","4","5","5","ุชุบููุฑ ุงูุงุตูุงุช ูุงูุงุดูุงู ูููุญุฏุงุช ุงููุชูุงุฌุฏุฉ ูู ุงููุนุจุฉ ูุงูุจูุงูุงุช ูุงููุฏุฑุงุช ุงูุชุฑููุนูุฉ;ุงูุฏุงูุฌ, ุงูุณุฑุนุฉ, ููููุฉ ุงูุตุญุฉ(ุงูุฏู) ูููุญุฏุงุช ุงููุชูุงุฌุฏุฉ ูู ุงููุนุจุฉ ูุงูุจูุงูุงุช ูุงููุฏุฑุงุช ุงูุชุฑููุนูุฉ;ุทุฑููุฉ ุงููุนุจ ุงู ูุธููุฉ ุงููุญุฏุงุช ุงููุชูุงุฌุฏุฉ ูู ุงููุนุจุฉ ูุงูุจูุงูุงุช ูุงููุฏุฑุงุช ุงูุชุฑููุนูุฉ;ูุญุฏุงุช ุฌุฏูุฏุฉ ูุจูุงูุงุช ููุฏุฑุงุช ุชุฑููุนูุฉ;ุฌููุด ุฌุฏูุฏุฉ","ููุง","ูุนู","ูุนู, ููููุง","ูุนู",""
"2021/09/04 11:39:27 AM GMT+2","ูุนุจ ูุฑุฏู;ุงูููุงูู;ููุฏุงุช (ROTR ุฑุงูุฒ ุงูู ุฐุง ุฑูุฏุฒ, Shockwave ุดูู ููู, Contra ูููุชุฑุง, ...)","ููุง","ุฑุงุฏูู Radmin","","ูุนู, ุบุงูุจุง","ููุง","3","5","5","ุชุบููุฑ ุงูููุงุฆู;ุชุบููุฑ ุงููุงุฌูุงุช ุฏุงุฎู ุงููุนุจุฉ;ุชุบููุฑ ุงูุงุตูุงุช ูุงูุงุดูุงู ูููุญุฏุงุช ุงููุชูุงุฌุฏุฉ ูู ุงููุนุจุฉ ูุงูุจูุงูุงุช ูุงููุฏุฑุงุช ุงูุชุฑููุนูุฉ;ุงูุฏุงูุฌ, ุงูุณุฑุนุฉ, ููููุฉ ุงูุตุญุฉ(ุงูุฏู) ูููุญุฏุงุช ุงููุชูุงุฌุฏุฉ ูู ุงููุนุจุฉ ูุงูุจูุงูุงุช ูุงููุฏุฑุงุช ุงูุชุฑููุนูุฉ;ุทุฑููุฉ ุงููุนุจ ุงู ูุธููุฉ ุงููุญุฏุงุช ุงููุชูุงุฌุฏุฉ ูู ุงููุนุจุฉ ูุงูุจูุงูุงุช ูุงููุฏุฑุงุช ุงูุชุฑููุนูุฉ;ูุญุฏุงุช ุฌุฏูุฏุฉ ูุจูุงูุงุช ููุฏุฑุงุช ุชุฑููุนูุฉ;ุฌููุด ุฌุฏูุฏุฉ","ูุนู, ุงุฐุง ูุงู ุงูุชุฃุซูุฑ ุนูู ุทุฑููุฉ ุงููุนุจ ูููู ูุชู ุชุญููู ุงูุชูุงุฒู ุจูู ุงูุฌููุด","ูุนู","ููุง","ูุนู","ูุดุงูู ุฎุฑูุฌ ุงูุนุจุฉ ูู ุงูููุชุตู ุฎุงุตุฉ ูู ุงูุงูููุงูู"
"2021/09/06 10:26:33 AM GMT+2","ุงูููุงูู","ูุนู","ููู ุฑููุฌุฑ GameRanger;ุฑุงุฏูู Radmin;ุงูููุงูู ุงูุฑุณูู ูู ุงููุนุจุฉ ุจุญุณุงุจ CNC Online (Revora)","ุฌููุชูู ุงุญุฏุซ ุงุตุฏุงุฑ GenTool (Latest);ูุงุฌูุฉ ููุชุฑูู ุจุงุฑ ุจุฑู ControlBarPro;ุจุฑูุงูุฌ ุฌูู ุจุงุชุดุฑ GenPatcher","ููุง","ูุนู, ููููุง","4","5","5","ุงูุฏุงูุฌ, ุงูุณุฑุนุฉ, ููููุฉ ุงูุตุญุฉ(ุงูุฏู) ูููุญุฏุงุช ุงููุชูุงุฌุฏุฉ ูู ุงููุนุจุฉ ูุงูุจูุงูุงุช ูุงููุฏุฑุงุช ุงูุชุฑููุนูุฉ;ูุญุฏุงุช ุฌุฏูุฏุฉ ูุจูุงูุงุช ููุฏุฑุงุช ุชุฑููุนูุฉ","ูุนู, ุงุฐุง ูุงู ุงูุชุฃุซูุฑ ุนูู ุทุฑููุฉ ุงููุนุจ ูููู ูุชู ุชุญููู ุงูุชูุงุฒู ุจูู ุงูุฌููุด","ูุนู","ูุนู, ููููุง","ููุง, ูู ูุชุบูุฑ ุดูุก","ูู ูุชู ุงุตูุงุญ ุณูุฑูุฑ ุงูุงูู ูุงูู ุงูุฎุงุต ุจุงููุนุจุฉ ููุตุจุญ ุงูุฌููุน ููุนุจ ุงูู ูุงูู ูููุณ ุจุดูู ูุดุชุช ูู ุญุฏ ูุณุชุญุฏู ุจุฑูุงูุฌ ููู ุดูู ููุนุจ ุจููุงู"
"2021/09/06 10:53:40 AM GMT+2","ุงูููุงูู","ูุนู","ููู ุฑููุฌุฑ GameRanger;ุฑุงุฏูู Radmin","ุงุฎุฑู","ููุง","ูุนู, ููููุง","3","5","5","ูุญุฏุงุช ุฌุฏูุฏุฉ ูุจูุงูุงุช ููุฏุฑุงุช ุชุฑููุนูุฉ;ุฌููุด ุฌุฏูุฏุฉ","ููุง","ููุง","ููุง","ููุง, ุงูู",""
"2021/09/06 12:06:17 PM GMT+2","ุงูููุงูู","ููุง","ููู ุฑููุฌุฑ GameRanger","ุฌููุชูู ุงุญุฏุซ ุงุตุฏุงุฑ GenTool (Latest)","ูุนู, ุงุญูุงูุง","ูุนู, ููููุง","4","5","5","ุชุบููุฑ ุงูุงุตูุงุช ูุงูุงุดูุงู ูููุญุฏุงุช ุงููุชูุงุฌุฏุฉ ูู ุงููุนุจุฉ ูุงูุจูุงูุงุช ูุงููุฏุฑุงุช ุงูุชุฑููุนูุฉ;ุงูุฏุงูุฌ, ุงูุณุฑุนุฉ, ููููุฉ ุงูุตุญุฉ(ุงูุฏู) ูููุญุฏุงุช ุงููุชูุงุฌุฏุฉ ูู ุงููุนุจุฉ ูุงูุจูุงูุงุช ูุงููุฏุฑุงุช ุงูุชุฑููุนูุฉ","ูุนู","ูุนู","ููุง","ูุนู","ุงูู ูุงุจุชูุจู ุถุนูู ูุญุงููุง ูุดุบู ุงููุนุจุฉ ุชูุงู
ุจุณ ุฎุงูู ูู ูุชุทูุจุงุช ุงูุจุงุชุด ุงูุฌุฏูุฏ ูุง ุชููู ุนุงููุฉ ูุฃู ูุง ุงูุฏุฑ ุงุดุชุฑู ูุงุจุชูุจ ุฌุฏูุฏ ๐"
"2021/09/06 12:30:40 PM GMT+2","ุงูููุงูู","ููุง","ููู ุฑููุฌุฑ GameRanger","ุฌููุชูู ุงุญุฏุซ ุงุตุฏุงุฑ GenTool (Latest)","ูุนู, ุงุญูุงูุง","ูุนู, ููููุง","4","5","5","ุชุบููุฑ ุงูุงุตูุงุช ูุงูุงุดูุงู ูููุญุฏุงุช ุงููุชูุงุฌุฏุฉ ูู ุงููุนุจุฉ ูุงูุจูุงูุงุช ูุงููุฏุฑุงุช ุงูุชุฑููุนูุฉ","ูุนู, ุงุฐุง ูุงู ุงูุชุฃุซูุฑ ุนูู ุทุฑููุฉ ุงููุนุจ ูููู","ูุนู","ูุนู, ููููุง","ูุนู","ุฌููู"
"2021/09/06 1:17:00 PM GMT+2","ุงูููุงูู","ููุง","ููู ุฑููุฌุฑ GameRanger","ุฌููุชูู ุงุญุฏุซ ุงุตุฏุงุฑ GenTool (Latest);ูุงุฌูุฉ ููุชุฑูู ุจุงุฑ ุจุฑู ControlBarPro","ููุง","ููุง","5","5","5","ุฌููุด ุฌุฏูุฏุฉ","ูุนู","ูุนู","ููุง","ูุนู","ุงููุนุจ ูู. ุฏูู ุงุนุฏุงุฏ ุญุณุงุจ ุจุดูู ุฑุณูู"
"2021/09/06 1:50:26 PM GMT+2","ุงูููุงูู;ููุฏุงุช (ROTR ุฑุงูุฒ ุงูู ุฐุง ุฑูุฏุฒ, Shockwave ุดูู ููู, Contra ูููุชุฑุง, ...)","ูุนู","ููู ุฑููุฌุฑ GameRanger","ุฌููุชูู ุงุญุฏุซ ุงุตุฏุงุฑ GenTool (Latest)","ูุนู, ุบุงูุจุง","ูุนู, ุงููุซูุฑ","3","5","5","ุชุบููุฑ ุงูููุงุฆู;ุชุบููุฑ ุงููุงุฌูุงุช ุฏุงุฎู ุงููุนุจุฉ;ุชุบููุฑ ุงูุงุตูุงุช ูุงูุงุดูุงู ูููุญุฏุงุช ุงููุชูุงุฌุฏุฉ ูู ุงููุนุจุฉ ูุงูุจูุงูุงุช ูุงููุฏุฑุงุช ุงูุชุฑููุนูุฉ;ุงูุฏุงูุฌ, ุงูุณุฑุนุฉ, ููููุฉ ุงูุตุญุฉ(ุงูุฏู) ูููุญุฏุงุช ุงููุชูุงุฌุฏุฉ ูู ุงููุนุจุฉ ูุงูุจูุงูุงุช ูุงููุฏุฑุงุช ุงูุชุฑููุนูุฉ;ุทุฑููุฉ ุงููุนุจ ุงู ูุธููุฉ ุงููุญุฏุงุช ุงููุชูุงุฌุฏุฉ ูู ุงููุนุจุฉ ูุงูุจูุงูุงุช ูุงููุฏุฑุงุช ุงูุชุฑููุนูุฉ;ูุญุฏุงุช ุฌุฏูุฏุฉ ูุจูุงูุงุช ููุฏุฑุงุช ุชุฑููุนูุฉ","ูุนู","ูุนู","ููุง","ูุนู",""
"2021/09/06 5:42:43 PM GMT+2","ุงูููุงูู","ููุง","ููู ุฑููุฌุฑ GameRanger;ุฑุงุฏูู Radmin","ุฌููุชูู ุงุญุฏุซ ุงุตุฏุงุฑ GenTool (Latest)","ูุนู, ุงุญูุงูุง","ูุนู, ููููุง","4","3","4","ุชุบููุฑ ุงูุงุตูุงุช ูุงูุงุดูุงู ูููุญุฏุงุช ุงููุชูุงุฌุฏุฉ ูู ุงููุนุจุฉ ูุงูุจูุงูุงุช ูุงููุฏุฑุงุช ุงูุชุฑููุนูุฉ","ูุนู, ุงุฐุง ูุงู ุงูุชุฃุซูุฑ ุนูู ุทุฑููุฉ ุงููุนุจ ูููู","ูุนู, ุงุฐุง ูุงู ุงูุชุฃุซูุฑ ุนูู ุทุฑููุฉ ุงููุนุจ ูููู","ูุนู","ูุนู","ุงููุนุจุฉ ุฌูุฏุฉ ูุงุฐุง ุชู ุชุญุณูููุง ุงุชููู ุนุฏู ุชุบููุฑ ุงููุซูุฑ ููู ูุง ุชููุฏ ุงูุทุฑููุฉ ุจุงููุนุจ "
"2021/09/06 5:57:33 PM GMT+2","ูุนุจ ูุฑุฏู;ุงุฎุฑู","ููุง","ููู ุฑููุฌุฑ GameRanger","ุงุฎุฑู","ูุนู, ุงุญูุงูุง","ูุนู, ููููุง","4","5","5","ุชุบููุฑ ุงูููุงุฆู;ุชุบููุฑ ุงููุงุฌูุงุช ุฏุงุฎู ุงููุนุจุฉ;ุชุบููุฑ ุงูุงุตูุงุช ูุงูุงุดูุงู ูููุญุฏุงุช ุงููุชูุงุฌุฏุฉ ูู ุงููุนุจุฉ ูุงูุจูุงูุงุช ูุงููุฏุฑุงุช ุงูุชุฑููุนูุฉ;ุงูุฏุงูุฌ, ุงูุณุฑุนุฉ, ููููุฉ ุงูุตุญุฉ(ุงูุฏู) ูููุญุฏุงุช ุงููุชูุงุฌุฏุฉ ูู ุงููุนุจุฉ ูุงูุจูุงูุงุช ูุงููุฏุฑุงุช ุงูุชุฑููุนูุฉ;ุทุฑููุฉ ุงููุนุจ ุงู ูุธููุฉ ุงููุญุฏุงุช ุงููุชูุงุฌุฏุฉ ูู ุงููุนุจุฉ ูุงูุจูุงูุงุช ูุงููุฏุฑุงุช ุงูุชุฑููุนูุฉ;ูุญุฏุงุช ุฌุฏูุฏุฉ ูุจูุงูุงุช ููุฏุฑุงุช ุชุฑููุนูุฉ;ุฌููุด ุฌุฏูุฏุฉ","ูุนู, ุงุฐุง ูุงู ุงูุชุฃุซูุฑ ุนูู ุทุฑููุฉ ุงููุนุจ ูููู ูุชู ุชุญููู ุงูุชูุงุฒู ุจูู ุงูุฌููุด","ูุนู, ุงุฐุง ูุงู ุงูุชุฃุซูุฑ ุนูู ุทุฑููุฉ ุงููุนุจ ูููู","ูุนู, ููููุง","ูุนู","ุงูุงุณุชุจูุงู  ุฌููู ุจุตุฑุงุญู"
"2021/09/06 6:45:46 PM GMT+2","ุงูููุงูู","ููุง","ุงูููุงูู ุงูุฑุณูู ูู ุงููุนุจุฉ ุจุญุณุงุจ CNC Online (Revora)","ุฌููุชูู ุงุญุฏุซ ุงุตุฏุงุฑ GenTool (Latest)","ูุนู, ุงุญูุงูุง","ูุนู, ุงููุซูุฑ","3","5","5","ุงูุฏุงูุฌ, ุงูุณุฑุนุฉ, ููููุฉ ุงูุตุญุฉ(ุงูุฏู) ูููุญุฏุงุช ุงููุชูุงุฌุฏุฉ ูู ุงููุนุจุฉ ูุงูุจูุงูุงุช ูุงููุฏุฑุงุช ุงูุชุฑููุนูุฉ","ูุนู, ุงุฐุง ูุงู ุงูุชุฃุซูุฑ ุนูู ุทุฑููุฉ ุงููุนุจ ูููู ูุชู ุชุญููู ุงูุชูุงุฒู ุจูู ุงูุฌููุด","ูุนู","ูุนู","ูุนู",""
"2021/09/06 8:05:00 PM GMT+2","ูุนุจ ูุฑุฏู;ุงูููุงูู","ููุง","ุฑุงุฏูู Radmin;ุงูููุงูู ุงูุฑุณูู ูู ุงููุนุจุฉ ุจุญุณุงุจ CNC Online (Revora)","ุฌููุชูู ุงุญุฏุซ ุงุตุฏุงุฑ GenTool (Latest);ูุงุฌูุฉ ููุชุฑูู ุจุงุฑ ุจุฑู ControlBarPro","ูุนู, ุงุญูุงูุง","ููุง","5","5","5","ุชุบููุฑ ุงูุงุตูุงุช ูุงูุงุดูุงู ูููุญุฏุงุช ุงููุชูุงุฌุฏุฉ ูู ุงููุนุจุฉ ูุงูุจูุงูุงุช ูุงููุฏุฑุงุช ุงูุชุฑููุนูุฉ;ุฌููุด ุฌุฏูุฏุฉ","ูุนู, ุงุฐุง ูุงู ุงูุชุฃุซูุฑ ุนูู ุทุฑููุฉ ุงููุนุจ ูููู ูุชู ุชุญููู ุงูุชูุงุฒู ุจูู ุงูุฌููุด","ููุง","ูุนู, ููููุง","ูุนู","ุชุบูุฑ ููุท ูุนุจ ุงูุฌูุงุฒ 
ูุงูุญูุงุธ ุนูู ุงูุจุงุชุด ุงููุฏูู ุฅุฐุง ุชู ูุดุฑ ุงูุจุงุชุด ุงูุฌุฏูุฏ"
"2021/09/07 12:29:46 AM GMT+2","ุงูููุงูู","ููุง","ููู ุฑููุฌุฑ GameRanger;ูุงูุงุชุดู Hamachi;ุงูููุงูู ุงูุฑุณูู ูู ุงููุนุจุฉ ุจุญุณุงุจ CNC Online (Revora)","ุฌููุชูู ุงุญุฏุซ ุงุตุฏุงุฑ GenTool (Latest)","ูุนู, ุงุญูุงูุง","ูุนู, ููููุง","4","5","5","ูุญุฏุงุช ุฌุฏูุฏุฉ ูุจูุงูุงุช ููุฏุฑุงุช ุชุฑููุนูุฉ;ุฌููุด ุฌุฏูุฏุฉ","ูุนู, ุงุฐุง ูุงู ุงูุชุฃุซูุฑ ุนูู ุทุฑููุฉ ุงููุนุจ ูููู","ูุนู, ุงุฐุง ูุงู ุงูุชุฃุซูุฑ ุนูู ุทุฑููุฉ ุงููุนุจ ูููู","ููุง","ูุนู","ูุฎูุฑ ุจูู ุนูููู ููุฑู ๐ท   ููุทุชูู ุฑุฆูุณูู ุจุงููุณุจู ูู ( ุงูุฌุฑุงูููุณ + ูุญุฏุงุช ููุฏุฑุงุช ุชุฑููุนูู ุฌุฏูุฏู )"
"2021/09/07 3:05:25 AM GMT+2","ูุนุจ ูุฑุฏู","ููุง","ุงุฎุฑู","ุฌููุชูู ุงุญุฏุซ ุงุตุฏุงุฑ GenTool (Latest)","ูุนู, ุบุงูุจุง","ููุง","4","5","5","ุทุฑููุฉ ุงููุนุจ ุงู ูุธููุฉ ุงููุญุฏุงุช ุงููุชูุงุฌุฏุฉ ูู ุงููุนุจุฉ ูุงูุจูุงูุงุช ูุงููุฏุฑุงุช ุงูุชุฑููุนูุฉ;ูุญุฏุงุช ุฌุฏูุฏุฉ ูุจูุงูุงุช ููุฏุฑุงุช ุชุฑููุนูุฉ;ุฌููุด ุฌุฏูุฏุฉ","ูุนู, ุงุฐุง ูุงู ุงูุชุฃุซูุฑ ุนูู ุทุฑููุฉ ุงููุนุจ ูููู ูุชู ุชุญููู ุงูุชูุงุฒู ุจูู ุงูุฌููุด","ูุนู","ููุง","ูุนู","ุชูุทูุน ุงููุนุจุฉ ูุฒุนุฌ ุฌุฏุง"
"2021/09/07 3:16:07 AM GMT+2","ุงูููุงูู","ููุง","ููู ุฑููุฌุฑ GameRanger;ุฑุงุฏูู Radmin","ูุงุฌูุฉ ููุชุฑูู ุจุงุฑ ุจุฑู ControlBarPro","ูุนู, ุงุญูุงูุง","ูุนู, ููููุง","3","5","5","ุทุฑููุฉ ุงููุนุจ ุงู ูุธููุฉ ุงููุญุฏุงุช ุงููุชูุงุฌุฏุฉ ูู ุงููุนุจุฉ ูุงูุจูุงูุงุช ูุงููุฏุฑุงุช ุงูุชุฑููุนูุฉ;ุฌููุด ุฌุฏูุฏุฉ","ูุนู, ุงุฐุง ูุงู ุงูุชุฃุซูุฑ ุนูู ุทุฑููุฉ ุงููุนุจ ูููู","","","ูุนู",""
"2021/09/07 1:50:03 PM GMT+2","ุงูููุงูู","ููุง","ููู ุฑููุฌุฑ GameRanger","ุฌููุชูู ุงุญุฏุซ ุงุตุฏุงุฑ GenTool (Latest);ูุงุฌูุฉ ููุชุฑูู ุจุงุฑ ุจุฑู ControlBarPro","ูุนู, ุงุญูุงูุง","ูุนู, ููููุง","4","5","5","ุชุบููุฑ ุงูููุงุฆู;ุทุฑููุฉ ุงููุนุจ ุงู ูุธููุฉ ุงููุญุฏุงุช ุงููุชูุงุฌุฏุฉ ูู ุงููุนุจุฉ ูุงูุจูุงูุงุช ูุงููุฏุฑุงุช ุงูุชุฑููุนูุฉ","ูุนู, ุงุฐุง ูุงู ุงูุชุฃุซูุฑ ุนูู ุทุฑููุฉ ุงููุนุจ ูููู ูุชู ุชุญููู ุงูุชูุงุฒู ุจูู ุงูุฌููุด","ูุนู, ุงุฐุง ูุงู ุงูุชุฃุซูุฑ ุนูู ุทุฑููุฉ ุงููุนุจ ูููู","ูุนู","ูุนู","ุงูุง ูู ูุฌูุฉ ูุธุฑู ูุญุงูููู ูุฎูููู ูุนุจุฉ ุนุดุงู ูุงูุตูุฑ ูุงู ูุงูุดู ุงู ุชูุฑุด ุงููุนุจุฉ ุจุณ ุดูุฑุง ููู ููู ูุฌููุฏูู ูู ุทุฑู ุงููุฑู"
"2021/09/07 4:20:50 PM GMT+2","ุงูููุงูู","ูุนู","ููู ุฑููุฌุฑ GameRanger;ุฑุงุฏูู Radmin","ุฌููุชูู ุงุญุฏุซ ุงุตุฏุงุฑ GenTool (Latest)","ูุนู, ุบุงูุจุง","ูุนู, ููููุง","1","5","5","ุฌููุด ุฌุฏูุฏุฉ","ูุนู","ูุนู, ุงุฐุง ูุงู ุงูุชุฃุซูุฑ ุนูู ุทุฑููุฉ ุงููุนุจ ูููู","ูุนู, ููููุง","ูุนู",""
"2021/09/07 5:37:22 PM GMT+2","ูุนุจ ูุฑุฏู","ููุง","ุฑุงุฏูู Radmin","","ููุง","ูุนู, ููููุง","4","5","5","ุชุบููุฑ ุงูููุงุฆู","ูุนู","ูุนู, ุงุฐุง ูุงู ุงูุชุฃุซูุฑ ุนูู ุทุฑููุฉ ุงููุนุจ ูููู","ูุนู, ููููุง","ูุนู","ุงูุฌุฑุงูููุณ"
"2021/09/07 6:05:35 PM GMT+2","ุงูููุงูู","ููุง","ููู ุฑููุฌุฑ GameRanger","ุฌููุชูู ุงุญุฏุซ ุงุตุฏุงุฑ GenTool (Latest)","ููุง","ููุง","5","5","5","ุงูุฏุงูุฌ, ุงูุณุฑุนุฉ, ููููุฉ ุงูุตุญุฉ(ุงูุฏู) ูููุญุฏุงุช ุงููุชูุงุฌุฏุฉ ูู ุงููุนุจุฉ ูุงูุจูุงูุงุช ูุงููุฏุฑุงุช ุงูุชุฑููุนูุฉ;ุฌููุด ุฌุฏูุฏุฉ","ููุง","ูุนู, ุงุฐุง ูุงู ุงูุชุฃุซูุฑ ุนูู ุทุฑููุฉ ุงููุนุจ ูููู","ูุนู","ูุนู",""
"2021/09/07 11:42:13 PM GMT+2","ูุนุจ ูุฑุฏู","ููุง","ููู ุฑููุฌุฑ GameRanger","ุฌููุชูู ุงุญุฏุซ ุงุตุฏุงุฑ GenTool (Latest)","ูุนู, ุงุญูุงูุง","ูุนู, ููููุง","4","5","4","ุฌููุด ุฌุฏูุฏุฉ","ูุนู, ุงุฐุง ูุงู ุงูุชุฃุซูุฑ ุนูู ุทุฑููุฉ ุงููุนุจ ูููู ูุชู ุชุญููู ุงูุชูุงุฒู ุจูู ุงูุฌููุด","ููุง","ูุนู, ููููุง","ูุนู",""
"2021/09/08 2:44:05 PM GMT+2","ูุนุจ ูุฑุฏู","ููุง","","","ูุนู, ุงุญูุงูุง","ูุนู, ุงููุซูุฑ","5","3","3","ุฌููุด ุฌุฏูุฏุฉ","ูุนู, ุงุฐุง ูุงู ุงูุชุฃุซูุฑ ุนูู ุทุฑููุฉ ุงููุนุจ ูููู","ููุง","ูุนู","ููุง, ูู ูุชุบูุฑ ุดูุก","ุฃูุง ุจุงููุณุจุฉ ูุงูู ูุงูู ููุช ู ุงูุง ุตุบูุฑุฉ ุจูุนุจ ุนูู ุงูุงุตุฏุงุฑ ุงููุฏูู ุงูู ูู ุงูุงุตูู ูุง ุจุญุจ ุงููู ูุบูุฑูุง ุงู ุงุดู ูููุง ... ูุงู ูุนุจุฉ ุงูุทูููุฉ ุจุญุจ ุงููุง ุชุถูู ุฒู ูุง ูู ุญุชู ูู ูููุง ูุดุงูู "
"2021/09/09 8:20:36 PM GMT+2","ุงูููุงูู","ูุนู","ููู ุฑููุฌุฑ GameRanger","ุฌููุชูู ุงุญุฏุซ ุงุตุฏุงุฑ GenTool (Latest)","ูุนู, ุงุญูุงูุง","ูุนู, ุงููุซูุฑ","5","5","4","ุงูุฏุงูุฌ, ุงูุณุฑุนุฉ, ููููุฉ ุงูุตุญุฉ(ุงูุฏู) ูููุญุฏุงุช ุงููุชูุงุฌุฏุฉ ูู ุงููุนุจุฉ ูุงูุจูุงูุงุช ูุงููุฏุฑุงุช ุงูุชุฑููุนูุฉ","ูุนู, ุงุฐุง ูุงู ุงูุชุฃุซูุฑ ุนูู ุทุฑููุฉ ุงููุนุจ ูููู ูุชู ุชุญููู ุงูุชูุงุฒู ุจูู ุงูุฌููุด","ููุง","ูุนู","ูุนู",""
"2021/09/11 10:13:17 AM GMT+2","ูุนุจ ูุฑุฏู;ููุฏุงุช (ROTR ุฑุงูุฒ ุงูู ุฐุง ุฑูุฏุฒ, Shockwave ุดูู ููู, Contra ูููุชุฑุง, ...)","ููุง","ุฑุงุฏูู Radmin","ุฌููุชูู ุงุญุฏุซ ุงุตุฏุงุฑ GenTool (Latest)","ูุนู, ุงุญูุงูุง","ูุนู, ููููุง","1","5","4","ุชุบููุฑ ุงูููุงุฆู;ุชุบููุฑ ุงููุงุฌูุงุช ุฏุงุฎู ุงููุนุจุฉ;ุชุบููุฑ ุงูุงุตูุงุช ูุงูุงุดูุงู ูููุญุฏุงุช ุงููุชูุงุฌุฏุฉ ูู ุงููุนุจุฉ ูุงูุจูุงูุงุช ูุงููุฏุฑุงุช ุงูุชุฑููุนูุฉ;ุทุฑููุฉ ุงููุนุจ ุงู ูุธููุฉ ุงููุญุฏุงุช ุงููุชูุงุฌุฏุฉ ูู ุงููุนุจุฉ ูุงูุจูุงูุงุช ูุงููุฏุฑุงุช ุงูุชุฑููุนูุฉ;ูุญุฏุงุช ุฌุฏูุฏุฉ ูุจูุงูุงุช ููุฏุฑุงุช ุชุฑููุนูุฉ;ุฌููุด ุฌุฏูุฏุฉ","ููุง","ูุนู","ููุง","ูุนู",""
"2021/09/12 5:49:06 PM GMT+2","ูุนุจ ูุฑุฏู;ุงูููุงูู;ููุฏุงุช (ROTR ุฑุงูุฒ ุงูู ุฐุง ุฑูุฏุฒ, Shockwave ุดูู ููู, Contra ูููุชุฑุง, ...)","ููุง","ููู ุฑููุฌุฑ GameRanger","ุฌููุชูู ุงุญุฏุซ ุงุตุฏุงุฑ GenTool (Latest);ูุงุฌูุฉ ููุชุฑูู ุจุงุฑ ุจุฑู ControlBarPro","ููุง","ูุนู, ููููุง","5","5","5","ุชุบููุฑ ุงููุงุฌูุงุช ุฏุงุฎู ุงููุนุจุฉ;ุฌููุด ุฌุฏูุฏุฉ","ูุนู, ุงุฐุง ูุงู ุงูุชุฃุซูุฑ ุนูู ุทุฑููุฉ ุงููุนุจ ูููู ูุชู ุชุญููู ุงูุชูุงุฒู ุจูู ุงูุฌููุด","ูุนู, ุงุฐุง ูุงู ุงูุชุฃุซูุฑ ุนูู ุทุฑููุฉ ุงููุนุจ ูููู","ูุนู","ููุง, ูู ูุชุบูุฑ ุดูุก","ุงููู ุงูุงุฌู ูุดููุฉ ูู ุงููููุงูู ูุฏูุฌ ุงุณูุญุฉ ุงูุฎุงุฑูุฉ ูุฏูุฑ ููุดูุฆ "
"2021/09/15 12:38:56 PM GMT+2","ูุนุจ ูุฑุฏู;ููุฏุงุช (ROTR ุฑุงูุฒ ุงูู ุฐุง ุฑูุฏุฒ, Shockwave ุดูู ููู, Contra ูููุชุฑุง, ...)","ููุง","ุฑุงุฏูู Radmin","ุฌููุชูู ุงุญุฏุซ ุงุตุฏุงุฑ GenTool (Latest)","ูุนู, ุบุงูุจุง","ูุนู, ููููุง","4","5","5","ุชุบููุฑ ุงูุงุตูุงุช ูุงูุงุดูุงู ูููุญุฏุงุช ุงููุชูุงุฌุฏุฉ ูู ุงููุนุจุฉ ูุงูุจูุงูุงุช ูุงููุฏุฑุงุช ุงูุชุฑููุนูุฉ;ูุญุฏุงุช ุฌุฏูุฏุฉ ูุจูุงูุงุช ููุฏุฑุงุช ุชุฑููุนูุฉ;ุฌููุด ุฌุฏูุฏุฉ","ูุนู, ุงุฐุง ูุงู ุงูุชุฃุซูุฑ ุนูู ุทุฑููุฉ ุงููุนุจ ูููู ูุชู ุชุญููู ุงูุชูุงุฒู ุจูู ุงูุฌููุด","ูุนู","ูุนู, ููููุง","ูุนู",""
"2021/09/15 5:43:59 PM GMT+2","ุงูููุงูู","ูุนู","ููู ุฑููุฌุฑ GameRanger;ุฑุงุฏูู Radmin","ุฌููุชูู ุงุญุฏุซ ุงุตุฏุงุฑ GenTool (Latest);ูุงุฌูุฉ ููุชุฑูู ุจุงุฑ ุจุฑู ControlBarPro","ููุง","ููุง","5","1","1","","ูุนู, ุงุฐุง ูุงู ุงูุชุฃุซูุฑ ุนูู ุทุฑููุฉ ุงููุนุจ ูููู ูุชู ุชุญููู ุงูุชูุงุฒู ุจูู ุงูุฌููุด","ูุนู, ุงุฐุง ูุงู ุงูุชุฃุซูุฑ ุนูู ุทุฑููุฉ ุงููุนุจ ูููู","ูุนู","ููุง, ูู ูุชุบูุฑ ุดูุก","ูุดููุฉ ุนุฏู ูุฏุฑุฉ ุงููุงุนุจูู ููุจุงุชุด ุงููุฏูู ูุน ุงููุนุจ ูู ุจุงูุจุงุชุด ุงูุฌุฏูุฏ... ุฑุจูุง ูู ูุงู ุงูุจุงุชุด ุงูุฌุฏูุฏ ุนุจุงุฑุฉ ุนู ููู ุงุถุงูู ูููู ุงููุงุนุจ ุจุงููุนุจ ูุน ุงูุจุงุชุด ุงููุฏูู ู ุงูุฌุฏูุฏ ุณูููู ููุชุงุฒ .        ุดูุฑุง.. 
.
The problem is that the players who play in the new patch cant play with the players who play in the old patch.... maybe if the new patch comes like a file to add on the game document which can make the player who play in the new patch able to play with the old and the new patch...  Thank You."
"2021/09/15 10:09:54 PM GMT+2","ุงูููุงูู;ููุฏุงุช (ROTR ุฑุงูุฒ ุงูู ุฐุง ุฑูุฏุฒ, Shockwave ุดูู ููู, Contra ูููุชุฑุง, ...)","ูุนู","ุฑุงุฏูู Radmin","ุฌููุชูู ุงุญุฏุซ ุงุตุฏุงุฑ GenTool (Latest)","ูุนู, ุงุญูุงูุง","ูุนู, ููููุง","4","5","5","ุชุบููุฑ ุงูุงุตูุงุช ูุงูุงุดูุงู ูููุญุฏุงุช ุงููุชูุงุฌุฏุฉ ูู ุงููุนุจุฉ ูุงูุจูุงูุงุช ูุงููุฏุฑุงุช ุงูุชุฑููุนูุฉ;ุทุฑููุฉ ุงููุนุจ ุงู ูุธููุฉ ุงููุญุฏุงุช ุงููุชูุงุฌุฏุฉ ูู ุงููุนุจุฉ ูุงูุจูุงูุงุช ูุงููุฏุฑุงุช ุงูุชุฑููุนูุฉ","ูุนู","ูุนู","ูุนู, ููููุง","ูุนู","ูุฌุจ ุงู ูููู ุฎุฑุงุฆุท ุญููููู ููุงูุนูู, ูุฌุจ ุงู ุชููู ุงูุงุณูุญู ุชูุซู ุงููุงูุน ูุงูุฏูู ุงููุงููู ููุง, ุชุนุฏุฏ ูู ุงูุตูุงุฑูุฎ ุงููุฌูููุฉ ูุงูุฏูุงุนูู, ุงุณุชุฎุฏุงู ููุฒู ุงุทูุงู ุงููุงุฑ ุตูุงุนูู, ุตูุงุฑูุฎ ูุฏูุงุนุงุช ุถุฏ ุงูุงููุงุฑููู ุชููู ุงููุนุจู ุญูุงุณูู ุฌุฏุง, ุชุจุงุฏู ุงูุงูุชุตุงุฏ ูุงููููุฏ ุจูู ุงูุงุดุฎุงุต ู ุงูุงุตุฏูุงุก, ู ููุงูู ุงููุงุฑ ูุซูุฑู ุชุฌุนู ุงููุนุจู ุงูุงุณุชุฑุงุชูุฌูู ูุญูุงุณูู."
"2021/09/18 6:59:32 PM GMT+2","ุงูููุงูู","ูุนู","ููู ุฑููุฌุฑ GameRanger;ุฑุงุฏูู Radmin","ุฌููุชูู ุงุตุฏุงุฑ ูุฏูู GenTool (Old)","ูุนู, ุงุญูุงูุง","ูุนู, ููููุง","5","1","3","ุฌููุด ุฌุฏูุฏุฉ","ูุนู, ุงุฐุง ูุงู ุงูุชุฃุซูุฑ ุนูู ุทุฑููุฉ ุงููุนุจ ูููู ูุชู ุชุญููู ุงูุชูุงุฒู ุจูู ุงูุฌููุด","ูุนู, ุงุฐุง ูุงู ุงูุชุฃุซูุฑ ุนูู ุทุฑููุฉ ุงููุนุจ ูููู","ูุนู","ููุง, ุงูู","ุงุชููู ุชุจูููุง ููุณ ูุง ูู  ูุง ุชุบูุฑ ููุง ุชุญุฏูุซ ููุง ุจุงุชูุด ุฐุง ูู ุดุฑูุฉ  EA  ุชุงุฑูุชูุง ูุฏุทูุฑูุง ุงูุชู ุชุฌูู ุทูุฑููุง ูุชุฎุฑุจููุง ููุด ูุงูุงูุถู ูุง ุงุญูุงูู ุชุนูููุง ุนูู ุญุทุชูุง"
"2021/09/20 12:49:43 AM GMT+2","ููุฏุงุช (ROTR ุฑุงูุฒ ุงูู ุฐุง ุฑูุฏุฒ, Shockwave ุดูู ููู, Contra ูููุชุฑุง, ...)","ููุง","ุฑุงุฏูู Radmin","ุฌููุชูู ุงุญุฏุซ ุงุตุฏุงุฑ GenTool (Latest);ูุงุฌูุฉ ููุชุฑูู ุจุงุฑ ุจุฑู ControlBarPro","ูุนู, ุบุงูุจุง","ูุนู, ููููุง","4","5","5","ุชุบููุฑ ุงูุงุตูุงุช ูุงูุงุดูุงู ูููุญุฏุงุช ุงููุชูุงุฌุฏุฉ ูู ุงููุนุจุฉ ูุงูุจูุงูุงุช ูุงููุฏุฑุงุช ุงูุชุฑููุนูุฉ;ุงูุฏุงูุฌ, ุงูุณุฑุนุฉ, ููููุฉ ุงูุตุญุฉ(ุงูุฏู) ูููุญุฏุงุช ุงููุชูุงุฌุฏุฉ ูู ุงููุนุจุฉ ูุงูุจูุงูุงุช ูุงููุฏุฑุงุช ุงูุชุฑููุนูุฉ;ุทุฑููุฉ ุงููุนุจ ุงู ูุธููุฉ ุงููุญุฏุงุช ุงููุชูุงุฌุฏุฉ ูู ุงููุนุจุฉ ูุงูุจูุงูุงุช ูุงููุฏุฑุงุช ุงูุชุฑููุนูุฉ","ูุนู, ุงุฐุง ูุงู ุงูุชุฃุซูุฑ ุนูู ุทุฑููุฉ ุงููุนุจ ูููู ูุชู ุชุญููู ุงูุชูุงุฒู ุจูู ุงูุฌููุด","ูุนู, ุงุฐุง ูุงู ุงูุชุฃุซูุฑ ุนูู ุทุฑููุฉ ุงููุนุจ ูููู","ูุนู","ูุนู","ุงูุงุญุจุงุท ุตุฑุงุญุฉ ุงูุชูุทูุน ูู ุจุนุถ ุงูููุฏุงุช ุงู ุงููุณุฎุฉ ุงูุงุตููุฉ ููุณูุง  ูุน ุงูุนูู ุงู pc ุฎุงุตุชู ููู ูุนุงูุฌ RYZEN 5 ููุงุฑุช ุงูุดุงุดุฉ RTX 2060 "
"2021/09/23 10:43:33 AM GMT+2","ูุนุจ ูุฑุฏู;ููุฏุงุช (ROTR ุฑุงูุฒ ุงูู ุฐุง ุฑูุฏุฒ, Shockwave ุดูู ููู, Contra ูููุชุฑุง, ...)","ููุง","ูุงูุงุชุดู Hamachi","","ูุนู, ุงุญูุงูุง","ูุนู, ููููุง","3","5","5","","ูุนู","ูุนู","ููุง","ูุนู",""
"2021/09/23 2:07:53 PM GMT+2","ุงูููุงูู;ููุฏุงุช (ROTR ุฑุงูุฒ ุงูู ุฐุง ุฑูุฏุฒ, Shockwave ุดูู ููู, Contra ูููุชุฑุง, ...)","ูุนู","ููู ุฑููุฌุฑ GameRanger;ุฑุงุฏูู Radmin","ุฌููุชูู ุงุญุฏุซ ุงุตุฏุงุฑ GenTool (Latest)","ูุนู, ุงุญูุงูุง","ูุนู, ููููุง","4","3","4","ุชุบููุฑ ุงููุงุฌูุงุช ุฏุงุฎู ุงููุนุจุฉ;ุงูุฏุงูุฌ, ุงูุณุฑุนุฉ, ููููุฉ ุงูุตุญุฉ(ุงูุฏู) ูููุญุฏุงุช ุงููุชูุงุฌุฏุฉ ูู ุงููุนุจุฉ ูุงูุจูุงูุงุช ูุงููุฏุฑุงุช ุงูุชุฑููุนูุฉ","ูุนู, ุงุฐุง ูุงู ุงูุชุฃุซูุฑ ุนูู ุทุฑููุฉ ุงููุนุจ ูููู ูุชู ุชุญููู ุงูุชูุงุฒู ุจูู ุงูุฌููุด","ูุนู, ุงุฐุง ูุงู ุงูุชุฃุซูุฑ ุนูู ุทุฑููุฉ ุงููุนุจ ูููู","ูุนู, ููููุง","ููุง, ูู ูุชุบูุฑ ุดูุก",""
"2021/09/24 4:56:42 AM GMT+2","ุงูููุงูู","ูุนู","ููู ุฑููุฌุฑ GameRanger;ุฑุงุฏูู Radmin","ุฌููุชูู ุงุญุฏุซ ุงุตุฏุงุฑ GenTool (Latest);ุฌููุชูู ุงุตุฏุงุฑ ูุฏูู GenTool (Old)","ูุนู, ุงุญูุงูุง","ูุนู, ููููุง","5","1","2","ุชุบููุฑ ุงูุงุตูุงุช ูุงูุงุดูุงู ูููุญุฏุงุช ุงููุชูุงุฌุฏุฉ ูู ุงููุนุจุฉ ูุงูุจูุงูุงุช ูุงููุฏุฑุงุช ุงูุชุฑููุนูุฉ;ูุญุฏุงุช ุฌุฏูุฏุฉ ูุจูุงูุงุช ููุฏุฑุงุช ุชุฑููุนูุฉ;ุฌููุด ุฌุฏูุฏุฉ","ูุนู, ุงุฐุง ูุงู ุงูุชุฃุซูุฑ ุนูู ุทุฑููุฉ ุงููุนุจ ูููู","ูุนู, ุงุฐุง ูุงู ุงูุชุฃุซูุฑ ุนูู ุทุฑููุฉ ุงููุนุจ ูููู","ูุนู","ููุง, ูู ูุชุบูุฑ ุดูุก",""
"2021/09/24 10:13:19 AM GMT+2","ุงูููุงูู","ูุนู","ููู ุฑููุฌุฑ GameRanger;ุฑุงุฏูู Radmin;ุงูููุงูู ุงูุฑุณูู ูู ุงููุนุจุฉ ุจุญุณุงุจ CNC Online (Revora)","ุฌููุชูู ุงุญุฏุซ ุงุตุฏุงุฑ GenTool (Latest)","ููุง","ููุง","5","5","1","ุงูุฏุงูุฌ, ุงูุณุฑุนุฉ, ููููุฉ ุงูุตุญุฉ(ุงูุฏู) ูููุญุฏุงุช ุงููุชูุงุฌุฏุฉ ูู ุงููุนุจุฉ ูุงูุจูุงูุงุช ูุงููุฏุฑุงุช ุงูุชุฑููุนูุฉ","ููุง","ููุง","ูุนู","ููุง, ูู ูุชุบูุฑ ุดูุก","ุงูุฐู ูุดุนุฑูู ุจุงูุฅุญุจุงุท ูู  ุฌูููุฑ ุงููุนุจุฉ ุงููููู ูุฌุจ ูุดุฑ ูุฐู ุงููุนุจุฉ ุงูู ุงูุจุฑ ุนุฏุฏ ูู ุนุดุงู ุงูุฃูุนุงุจ ุงูุฅุณุชุฑุงุชูุฌูุฉ 
ุทุจุนุง ุงู ุชุนุฏูู ูู ุงููุนุจุฉ  ูู ูุชูุจูู ุงููุฌุชูุน  ูุงูู ููุทุฉ ุนุฏู ุชุบููุฑ ุงูุฃุตูุงุช    ุงู ุจุงุชุด ุฌุฏูุฏ ุณูููู ูุนุจุฉ ูุณุชููุฉ   ูุณุชุจูู ุฌูุฑุงู ุฒูุฑู ุงูุฑ ููุง ูู  ูู ูุชูุจู ุงููุญุชุฑููู ูุฐุง ุงูุชุบููุฑ  ุฅูุง ุงุฐุง ูุงูุช ุงูุดุฑูุฉ ููุณูุง  ุจุชุญุฏูุซ ุงููุนุจุฉ "
"2021/11/06 4:57:39 PM GMT+2","ุงูููุงูู","ููุง","ููู ุฑููุฌุฑ GameRanger;ุฑุงุฏูู Radmin;ุงูููุงูู ุงูุฑุณูู ูู ุงููุนุจุฉ ุจุญุณุงุจ CNC Online (Revora)","ุฌููุชูู ุงุญุฏุซ ุงุตุฏุงุฑ GenTool (Latest);ูุงุฌูุฉ ููุชุฑูู ุจุงุฑ ุจุฑู ControlBarPro","ูุนู, ุบุงูุจุง","ูุนู, ุงููุซูุฑ","3","5","5","ุชุบููุฑ ุงูููุงุฆู;ุชุบููุฑ ุงููุงุฌูุงุช ุฏุงุฎู ุงููุนุจุฉ;ุชุบููุฑ ุงูุงุตูุงุช ูุงูุงุดูุงู ูููุญุฏุงุช ุงููุชูุงุฌุฏุฉ ูู ุงููุนุจุฉ ูุงูุจูุงูุงุช ูุงููุฏุฑุงุช ุงูุชุฑููุนูุฉ;ุงูุฏุงูุฌ, ุงูุณุฑุนุฉ, ููููุฉ ุงูุตุญุฉ(ุงูุฏู) ูููุญุฏุงุช ุงููุชูุงุฌุฏุฉ ูู ุงููุนุจุฉ ูุงูุจูุงูุงุช ูุงููุฏุฑุงุช ุงูุชุฑููุนูุฉ;ุทุฑููุฉ ุงููุนุจ ุงู ูุธููุฉ ุงููุญุฏุงุช ุงููุชูุงุฌุฏุฉ ูู ุงููุนุจุฉ ูุงูุจูุงูุงุช ูุงููุฏุฑุงุช ุงูุชุฑููุนูุฉ;ูุญุฏุงุช ุฌุฏูุฏุฉ ูุจูุงูุงุช ููุฏุฑุงุช ุชุฑููุนูุฉ","ูุนู","ูุนู","ูุนู","ูุนู","ุชุญุณูู ุงุดูุงู ุงูุฌููุฏ ูุงูุชุฑููุนุงุช ูุซู ููุฏ ูููุชุฑุง"
"2021/11/10 8:39:08 AM GMT+2","ุงูููุงูู","ููุง","ุงูููุงูู ุงูุฑุณูู ูู ุงููุนุจุฉ ุจุญุณุงุจ CNC Online (Revora)","ุฌููุชูู ุงุญุฏุซ ุงุตุฏุงุฑ GenTool (Latest)","ูุนู, ุบุงูุจุง","ูุนู, ููููุง","5","5","5","ุชุบููุฑ ุงูููุงุฆู;ุชุบููุฑ ุงููุงุฌูุงุช ุฏุงุฎู ุงููุนุจุฉ;ุชุบููุฑ ุงูุงุตูุงุช ูุงูุงุดูุงู ูููุญุฏุงุช ุงููุชูุงุฌุฏุฉ ูู ุงููุนุจุฉ ูุงูุจูุงูุงุช ูุงููุฏุฑุงุช ุงูุชุฑููุนูุฉ;ุงูุฏุงูุฌ, ุงูุณุฑุนุฉ, ููููุฉ ุงูุตุญุฉ(ุงูุฏู) ูููุญุฏุงุช ุงููุชูุงุฌุฏุฉ ูู ุงููุนุจุฉ ูุงูุจูุงูุงุช ูุงููุฏุฑุงุช ุงูุชุฑููุนูุฉ;ุทุฑููุฉ ุงููุนุจ ุงู ูุธููุฉ ุงููุญุฏุงุช ุงููุชูุงุฌุฏุฉ ูู ุงููุนุจุฉ ูุงูุจูุงูุงุช ูุงููุฏุฑุงุช ุงูุชุฑููุนูุฉ;ูุญุฏุงุช ุฌุฏูุฏุฉ ูุจูุงูุงุช ููุฏุฑุงุช ุชุฑููุนูุฉ;ุฌููุด ุฌุฏูุฏุฉ","ููุง","ููุง","ููุง","ูุนู","ูุงุจุชูุจู ููู ุงูู ูุญุชุงุฌ ุชุญุณูู ๐ช"
"2022/01/30 6:36:52 PM GMT+2","ุงูููุงูู","ููุง","ููู ุฑููุฌุฑ GameRanger;ุฑุงุฏูู Radmin","ุฌููุชูู ุงุญุฏุซ ุงุตุฏุงุฑ GenTool (Latest);ูุงุฌูุฉ ููุชุฑูู ุจุงุฑ ุจุฑู ControlBarPro","ููุง","ููุง","5","5","5","ุทุฑููุฉ ุงููุนุจ ุงู ูุธููุฉ ุงููุญุฏุงุช ุงููุชูุงุฌุฏุฉ ูู ุงููุนุจุฉ ูุงูุจูุงูุงุช ูุงููุฏุฑุงุช ุงูุชุฑููุนูุฉ;ูุญุฏุงุช ุฌุฏูุฏุฉ ูุจูุงูุงุช ููุฏุฑุงุช ุชุฑููุนูุฉ;ุฌููุด ุฌุฏูุฏุฉ","ููุง","ูุนู, ุงุฐุง ูุงู ุงูุชุฃุซูุฑ ุนูู ุทุฑููุฉ ุงููุนุจ ูููู","ููุง","ูุนู","ุงููุนุจุฉ ููุชุงุฒุฉ..ูููู ุจุชุญุณูู ุงูุฌุฑุงูููุณ ููุท ู ุงูุงุฎุทุงุก ุงููุชุนุงุฑู ุนูููุง...ุจูุนูู ุงุฎุฑ ูุง ุชุทูุฑู ูุชุฎุจุตู..ููุท ุญุณูู ุงูู ูุชุฃูุฏูู ุงูู ูู ุณูุฆ"